C,class_weight,cv_macro_f1_train,cv_std
0.01,None,0.8844083075988286,0.011953680745074458
0.01,balanced,0.8575967486964071,0.006288767692333719
0.03,None,0.8896376600801258,0.009524886665307215
0.03,balanced,0.8716934395752741,0.006204755117962615
0.1,None,0.8892337868195352,0.010689300472301136
0.1,balanced,0.8795935325594648,0.007449911056731301
0.3,None,0.8825991571941748,0.01028178737719501
0.3,balanced,0.8776880070499867,0.008467789651752782
1.0,None,0.871861128155698,0.005827823921791662
1.0,balanced,0.8727862511670605,0.007738273467086372
