0,1
6.0975609756097564e-06,6.0975609756097564e-06
1.2195121951219513e-05,1.2195121951219513e-05
1.8292682926829268e-05,1.8292682926829268e-05
2.4390243902439026e-05,2.4390243902439026e-05
3.048780487804878e-05,3.048780487804878e-05
3.6585365853658535e-05,3.6585365853658535e-05
4.26829268292683e-05,4.26829268292683e-05
4.878048780487805e-05,4.878048780487805e-05
5.4878048780487806e-05,5.4878048780487806e-05
6.097560975609756e-05,6.097560975609756e-05
6.707317073170732e-05,6.707317073170732e-05
7.317073170731707e-05,7.317073170731707e-05
7.926829268292683e-05,7.926829268292683e-05
8.53658536585366e-05,8.53658536585366e-05
9.146341463414634e-05,9.146341463414634e-05
9.75609756097561e-05,9.75609756097561e-05
0.00010365853658536585,0.00010365853658536585
0.00010975609756097561,0.00010975609756097561
0.00011585365853658537,0.00011585365853658537
0.00012195121951219512,0.00012195121951219512
0.00012804878048780488,0.00012804878048780488
0.00013414634146341464,0.00013414634146341464
0.0001402439024390244,0.0001402439024390244
0.00014634146341463414,0.00014634146341463414
0.0001524390243902439,0.0001524390243902439
0.00015853658536585366,0.00015853658536585366
0.00016463414634146343,0.00016463414634146343
0.0001707317073170732,0.0001707317073170732
0.00017682926829268292,0.00017682926829268292
0.00018292682926829268,0.00018292682926829268
0.00018902439024390244,0.00018902439024390244
0.0001951219512195122,0.0001951219512195122
0.00020121951219512197,0.00020121951219512197
0.0002073170731707317,0.0002073170731707317
0.00021341463414634146,0.00021341463414634146
0.00021951219512195122,0.00021951219512195122
0.00022560975609756099,0.00022560975609756099
0.00023170731707317075,0.00023170731707317075
0.00023780487804878048,0.00023780487804878048
0.00024390243902439024,0.00024390243902439024
0.00025,0.00025
0.00025609756097560977,0.00025609756097560977
0.00026219512195121953,0.00026219512195121953
0.0002682926829268293,0.0002682926829268293
0.00027439024390243905,0.00027439024390243905
0.0002804878048780488,0.0002804878048780488
0.0002865853658536585,0.0002865853658536585
0.0002926829268292683,0.0002926829268292683
0.00029878048780487804,0.00029878048780487804
0.0003048780487804878,0.0003048780487804878
0.00031097560975609757,0.00031097560975609757
0.00031707317073170733,0.00031707317073170733
0.0003231707317073171,0.0003231707317073171
0.00032926829268292685,0.00032926829268292685
0.0003353658536585366,0.0003353658536585366
0.0003414634146341464,0.0003414634146341464
0.0003475609756097561,0.0003475609756097561
0.00035365853658536584,0.00035365853658536584
0.0003597560975609756,0.0003597560975609756
0.00036585365853658537,0.00036585365853658537
0.0003719512195121951,0.0003719512195121951
0.0003780487804878049,0.0003780487804878049
0.00038414634146341465,0.00038414634146341465
0.0003902439024390244,0.0003902439024390244
0.0003963414634146342,0.0003963414634146342
0.00040243902439024393,0.00040243902439024393
0.00040853658536585364,0.00040853658536585364
0.0004146341463414634,0.0004146341463414634
0.00042073170731707316,0.00042073170731707316
0.0004268292682926829,0.0004268292682926829
0.0004329268292682927,0.0004329268292682927
0.00043902439024390245,0.00043902439024390245
0.0004451219512195122,0.0004451219512195122
0.00045121951219512197,0.00045121951219512197
0.00045731707317073173,0.00045731707317073173
0.0004634146341463415,0.0004634146341463415
0.0004695121951219512,0.0004695121951219512
0.00047560975609756096,0.00047560975609756096
0.0004817073170731707,0.0004817073170731707
0.0004878048780487805,0.0004878048780487805
0.0004939024390243902,0.0004939024390243902
0.0005,0.0005
0.0005060975609756098,0.0005060975609756098
0.0005121951219512195,0.0005121951219512195
0.0005182926829268293,0.0005182926829268293
0.0005243902439024391,0.0005243902439024391
0.0005304878048780488,0.0005304878048780488
0.0005365853658536586,0.0005365853658536586
0.0005426829268292683,0.0005426829268292683
0.0005487804878048781,0.0005487804878048781
0.0005548780487804879,0.0005548780487804879
0.0005609756097560976,0.0005609756097560976
0.0005670731707317073,0.0005670731707317073
0.000573170731707317,0.000573170731707317
0.0005792682926829268,0.0005792682926829268
0.0005853658536585366,0.0005853658536585366
0.0005914634146341463,0.0005914634146341463
0.0005975609756097561,0.0005975609756097561
0.0006036585365853658,0.0006036585365853658
0.0006097560975609756,0.0006097560975609756
0.0006158536585365854,0.0006158536585365854
0.0006219512195121951,0.0006219512195121951
0.0006280487804878049,0.0006280487804878049
0.0006341463414634147,0.0006341463414634147
0.0006402439024390244,0.0006402439024390244
0.0006463414634146342,0.0006463414634146342
0.0006524390243902439,0.0006524390243902439
0.0006585365853658537,0.0006585365853658537
0.0006646341463414635,0.0006646341463414635
0.0006707317073170732,0.0006707317073170732
0.000676829268292683,0.000676829268292683
0.0006829268292682927,0.0006829268292682927
0.0006890243902439024,0.0006890243902439024
0.0006951219512195122,0.0006951219512195122
0.0007012195121951219,0.0007012195121951219
0.0007073170731707317,0.0007073170731707317
0.0007134146341463414,0.0007134146341463414
0.0007195121951219512,0.0007195121951219512
0.000725609756097561,0.000725609756097561
0.0007317073170731707,0.0007317073170731707
0.0007378048780487805,0.0007378048780487805
0.0007439024390243903,0.0007439024390243903
0.00075,0.00075
0.0007560975609756098,0.0007560975609756098
0.0007621951219512195,0.0007621951219512195
0.0007682926829268293,0.0007682926829268293
0.0007743902439024391,0.0007743902439024391
0.0007804878048780488,0.0007804878048780488
0.0007865853658536586,0.0007865853658536586
0.0007926829268292683,0.0007926829268292683
0.0007987804878048781,0.0007987804878048781
0.0008048780487804879,0.0008048780487804879
0.0008109756097560976,0.0008109756097560976
0.0008170731707317073,0.0008170731707317073
0.000823170731707317,0.000823170731707317
0.0008292682926829268,0.0008292682926829268
0.0008353658536585366,0.0008353658536585366
0.0008414634146341463,0.0008414634146341463
0.0008475609756097561,0.0008475609756097561
0.0008536585365853659,0.0008536585365853659
0.0008597560975609756,0.0008597560975609756
0.0008658536585365854,0.0008658536585365854
0.0008719512195121951,0.0008719512195121951
0.0008780487804878049,0.0008780487804878049
0.0008841463414634147,0.0008841463414634147
0.0008902439024390244,0.0008902439024390244
0.0008963414634146342,0.0008963414634146342
0.0009024390243902439,0.0009024390243902439
0.0009085365853658537,0.0009085365853658537
0.0009146341463414635,0.0009146341463414635
0.0009207317073170732,0.0009207317073170732
0.000926829268292683,0.000926829268292683
0.0009329268292682928,0.0009329268292682928
0.0009390243902439024,0.0009390243902439024
0.0009451219512195122,0.0009451219512195122
0.0009512195121951219,0.0009512195121951219
0.0009573170731707317,0.0009573170731707317
0.0009634146341463415,0.0009634146341463415
0.0009695121951219512,0.0009695121951219512
0.000975609756097561,0.000975609756097561
0.0009817073170731707,0.0009817073170731707
0.0009878048780487805,0.0009878048780487805
0.0009939024390243903,0.0009939024390243903
0.001,0.001
0.001,0.001
0.0009999992418300314,0.0009999992418300314
0.0009999969673224248,0.0009999969673224248
0.0009999931764840778,0.0009999931764840778
0.0009999878693264872,0.0009999878693264872
0.0009999810458657479,0.0009999810458657479
0.0009999727061225528,0.0009999727061225528
0.0009999628501221943,0.0009999628501221943
0.000999951477894562,0.000999951477894562
0.0009999385894741443,0.0009999385894741443
0.000999924184900028,0.000999924184900028
0.0009999082642158973,0.0009999082642158973
0.0009998908274700344,0.0009998908274700344
0.0009998718747153195,0.0009998718747153195
0.0009998514060092305,0.0009998514060092305
0.000999829421413842,0.000999829421413842
0.0009998059209958266,0.0009998059209958266
0.0009997809048264532,0.0009997809048264532
0.0009997543729815882,0.0009997543729815882
0.000999726325541694,0.000999726325541694
0.0009996967625918293,0.0009996967625918293
0.0009996656842216494,0.0009996656842216494
0.0009996330905254049,0.0009996330905254049
0.0009995989816019423,0.0009995989816019423
0.0009995633575547026,0.0009995633575547026
0.0009995262184917225,0.0009995262184917225
0.0009994875645256325,0.0009994875645256325
0.000999447395773658,0.000999447395773658
0.000999405712357618,0.000999405712357618
0.000999362514403925,0.000999362514403925
0.0009993178020435843,0.0009993178020435843
0.0009992715754121942,0.0009992715754121942
0.0009992238346499456,0.0009992238346499456
0.0009991745799016205,0.0009991745799016205
0.0009991238113165933,0.0009991238113165933
0.0009990715290488284,0.0009990715290488284
0.0009990177332568813,0.0009990177332568813
0.0009989624241038976,0.0009989624241038976
0.000998905601757612,0.000998905601757612
0.0009988472663903488,0.0009988472663903488
0.0009987874181790202,0.0009987874181790202
0.0009987260573051267,0.0009987260573051267
0.0009986631839547565,0.0009986631839547565
0.0009985987983185838,0.0009985987983185838
0.0009985329005918703,0.0009985329005918703
0.000998465490974462,0.000998465490974462
0.0009983965696707914,0.0009983965696707914
0.0009983261368898741,0.0009983261368898741
0.0009982541928453105,0.0009982541928453105
0.000998180737755284,0.000998180737755284
0.00099810577184256,0.00099810577184256
0.0009980292953344864,0.0009980292953344864
0.0009979513084629917,0.0009979513084629917
0.0009978718114645854,0.0009978718114645854
0.0009977908045803563,0.0009977908045803563
0.0009977082880559724,0.0009977082880559724
0.00099762426214168,0.00099762426214168
0.0009975387270923027,0.0009975387270923027
0.0009974516831672408,0.0009974516831672408
0.0009973631306304707,0.0009973631306304707
0.000997273069750544,0.000997273069750544
0.0009971815008005865,0.0009971815008005865
0.0009970884240582975,0.0009970884240582975
0.000996993839805949,0.000996993839805949
0.0009968977483303847,0.0009968977483303847
0.0009968001499230193,0.0009968001499230193
0.0009967010448798375,0.0009967010448798375
0.0009966004335013932,0.0009966004335013932
0.0009964983160928086,0.0009964983160928086
0.0009963946929637728,0.0009963946929637728
0.000996289564428542,0.000996289564428542
0.000996182930805937,0.000996182930805937
0.000996074792419344,0.000996074792419344
0.0009959651495967112,0.0009959651495967112
0.0009958540026705509,0.0009958540026705509
0.000995741351977936,0.000995741351977936
0.0009956271978605,0.0009956271978605
0.0009955115406644357,0.0009955115406644357
0.0009953943807404944,0.0009953943807404944
0.0009952757184439845,0.0009952757184439845
0.000995155554134771,0.000995155554134771
0.0009950338881772737,0.0009950338881772737
0.0009949107209404665,0.0009949107209404665
0.000994786052797876,0.000994786052797876
0.0009946598841275812,0.0009946598841275812
0.0009945322153122108,0.0009945322153122108
0.0009944030467389437,0.0009944030467389437
0.000994272378799507,0.000994272378799507
0.0009941402118901744,0.0009941402118901744
0.0009940065464117658,0.0009940065464117658
0.0009938713827696462,0.0009938713827696462
0.0009937347213737234,0.0009937347213737234
0.0009935965626384476,0.0009935965626384476
0.0009934569069828102,0.0009934569069828102
0.000993315754830342,0.000993315754830342
0.0009931731066091124,0.0009931731066091124
0.0009930289627517275,0.0009930289627517275
0.0009928833236953296,0.0009928833236953296
0.0009927361898815956,0.0009927361898815956
0.000992587561756735,0.000992587561756735
0.0009924374397714893,0.0009924374397714893
0.0009922858243811305,0.0009922858243811305
0.0009921327160454596,0.0009921327160454596
0.0009919781152288051,0.0009919781152288051
0.000991822022400022,0.000991822022400022
0.0009916644380324896,0.0009916644380324896
0.0009915053626041105,0.0009915053626041105
0.0009913447965973104,0.0009913447965973104
0.0009911827404990342,0.0009911827404990342
0.000991019194800746,0.000991019194800746
0.0009908541599984275,0.0009908541599984275
0.0009906876365925767,0.0009906876365925767
0.0009905196250882058,0.0009905196250882058
0.0009903501259948399,0.0009903501259948399
0.000990179139826515,0.000990179139826515
0.000990006667101778,0.000990006667101778
0.0009898327083436834,0.0009898327083436834
0.000989657264079792,0.000989657264079792
0.0009894803348421705,0.0009894803348421705
0.0009893019211673886,0.0009893019211673886
0.0009891220235965178,0.0009891220235965178
0.0009889406426751297,0.0009889406426751297
0.0009887577789532947,0.0009887577789532947
0.0009885734329855799,0.0009885734329855799
0.0009883876053310475,0.0009883876053310475
0.0009882002965532536,0.0009882002965532536
0.0009880115072202454,0.0009880115072202454
0.000987821237904561,0.000987821237904561
0.0009876294891832255,0.0009876294891832255
0.0009874362616377522,0.0009874362616377522
0.000987241555854138,0.000987241555854138
0.0009870453724228631,0.0009870453724228631
0.0009868477119388895,0.0009868477119388895
0.0009866485750016577,0.0009866485750016577
0.0009864479622150868,0.0009864479622150868
0.0009862458741875706,0.0009862458741875706
0.0009860423115319779,0.0009860423115319779
0.0009858372748656485,0.0009858372748656485
0.0009856307648103933,0.0009856307648103933
0.0009854227819924913,0.0009854227819924913
0.0009852133270426876,0.0009852133270426876
0.000985002400596192,0.000985002400596192
0.0009847900032926773,0.0009847900032926773
0.0009845761357762759,0.0009845761357762759
0.0009843607986955798,0.0009843607986955798
0.0009841439927036376,0.0009841439927036376
0.0009839257184579525,0.0009839257184579525
0.0009837059766204799,0.0009837059766204799
0.0009834847678576268,0.0009834847678576268
0.0009832620928402487,0.0009832620928402487
0.0009830379522436474,0.0009830379522436474
0.0009828123467475697,0.0009828123467475697
0.0009825852770362045,0.0009825852770362045
0.000982356743798182,0.000982356743798182
0.0009821267477265706,0.0009821267477265706
0.000981895289518874,0.000981895289518874
0.0009816623698770312,0.0009816623698770312
0.000981427989507413,0.000981427989507413
0.00098119214912082,0.00098119214912082
0.0009809548494324805,0.0009809548494324805
0.0009807160911620484,0.0009807160911620484
0.0009804758750336013,0.0009804758750336013
0.0009802342017756378,0.0009802342017756378
0.0009799910721210753,0.0009799910721210753
0.0009797464868072487,0.0009797464868072487
0.0009795004465759066,0.0009795004465759066
0.0009792529521732102,0.0009792529521732102
0.0009790040043497308,0.0009790040043497308
0.0009787536038604477,0.0009787536038604477
0.0009785017514647451,0.0009785017514647451
0.000978248447926411,0.000978248447926411
0.0009779936940136338,0.0009779936940136338
0.0009777374904990006,0.0009777374904990006
0.0009774798381594946,0.0009774798381594946
0.0009772207377764929,0.0009772207377764929
0.000976960190135764,0.000976960190135764
0.0009766981960274653,0.0009766981960274653
0.0009764347562461413,0.0009764347562461413
0.0009761698715907205,0.0009761698715907205
0.0009759035428645134,0.0009759035428645134
0.0009756357708752095,0.0009756357708752095
0.0009753665564348757,0.0009753665564348757
0.000975095900359953,0.000975095900359953
0.0009748238034712548,0.0009748238034712548
0.0009745502665939638,0.0009745502665939638
0.0009742752905576299,0.0009742752905576299
0.0009739988761961673,0.0009739988761961673
0.0009737210243478522,0.0009737210243478522
0.0009734417358553204,0.0009734417358553204
0.0009731610115655644,0.0009731610115655644
0.0009728788523299312,0.0009728788523299312
0.0009725952590041196,0.0009725952590041196
0.0009723102324481769,0.0009723102324481769
0.0009720237735264979,0.0009720237735264979
0.0009717358831078204,0.0009717358831078204
0.0009714465620652243,0.0009714465620652243
0.0009711558112761274,0.0009711558112761274
0.0009708636316222838,0.0009708636316222838
0.0009705700239897808,0.0009705700239897808
0.0009702749892690366,0.0009702749892690366
0.0009699785283547968,0.0009699785283547968
0.0009696806421461326,0.0009696806421461326
0.0009693813315464375,0.0009693813315464375
0.0009690805974634247,0.0009690805974634247
0.0009687784408091242,0.0009687784408091242
0.000968474862499881,0.000968474862499881
0.0009681698634563503,0.0009681698634563503
0.0009678634446034967,0.0009678634446034967
0.0009675556068705907,0.0009675556068705907
0.0009672463511912055,0.0009672463511912055
0.0009669356785032146,0.0009669356785032146
0.0009666235897487888,0.0009666235897487888
0.0009663100858743932,0.0009663100858743932
0.0009659951678307847,0.0009659951678307847
0.0009656788365730094,0.0009656788365730094
0.0009653610930603982,0.0009653610930603982
0.0009650419382565657,0.0009650419382565657
0.0009647213731294063,0.0009647213731294063
0.0009643993986510911,0.0009643993986510911
0.0009640760157980659,0.0009640760157980659
0.0009637512255510475,0.0009637512255510475
0.0009634250288950201,0.0009634250288950201
0.0009630974268192345,0.0009630974268192345
0.0009627684203172027,0.0009627684203172027
0.0009624380103866959,0.0009624380103866959
0.0009621061980297416,0.0009621061980297416
0.0009617729842526208,0.0009617729842526208
0.0009614383700658638,0.0009614383700658638
0.0009611023564842487,0.0009611023564842487
0.0009607649445267969,0.0009607649445267969
0.000960426135216771,0.000960426135216771
0.0009600859295816708,0.0009600859295816708
0.0009597443286532317,0.0009597443286532317
0.0009594013334674194,0.0009594013334674194
0.0009590569450644289,0.0009590569450644289
0.0009587111644886796,0.0009587111644886796
0.0009583639927888137,0.0009583639927888137
0.0009580154310176916,0.0009580154310176916
0.0009576654802323895,0.0009576654802323895
0.0009573141414941962,0.0009573141414941962
0.0009569614158686096,0.0009569614158686096
0.0009566073044253336,0.0009566073044253336
0.000956251808238275,0.000956251808238275
0.0009558949283855398,0.0009558949283855398
0.0009555366659494303,0.0009555366659494303
0.0009551770220164417,0.0009551770220164417
0.0009548159976772592,0.0009548159976772592
0.0009544535940267537,0.0009544535940267537
0.0009540898121639799,0.0009540898121639799
0.0009537246531921714,0.0009537246531921714
0.0009533581182187385,0.0009533581182187385
0.0009529902083552646,0.0009529902083552646
0.0009526209247175024,0.0009526209247175024
0.0009522502684253709,0.0009522502684253709
0.000951878240602952,0.000951878240602952
0.0009515048423784871,0.0009515048423784871
0.0009511300748843736,0.0009511300748843736
0.0009507539392571609,0.0009507539392571609
0.0009503764366375484,0.0009503764366375484
0.0009499975681703805,0.0009499975681703805
0.000949617335004644,0.000949617335004644
0.0009492357382934642,0.0009492357382934642
0.0009488527791941021,0.0009488527791941021
0.0009484684588679498,0.0009484684588679498
0.0009480827784805278,0.0009480827784805278
0.0009476957392014814,0.0009476957392014814
0.0009473073422045768,0.0009473073422045768
0.0009469175886676977,0.0009469175886676977
0.000946526479772842,0.000946526479772842
0.0009461340167061175,0.0009461340167061175
0.0009457402006577392,0.0009457402006577392
0.000945345032822025,0.000945345032822025
0.0009449485143973923,0.0009449485143973923
0.0009445506465863552,0.0009445506465863552
0.0009441514305955185,0.0009441514305955185
0.0009437508676355772,0.0009437508676355772
0.0009433489589213102,0.0009433489589213102
0.0009429457056715782,0.0009429457056715782
0.000942541109109319,0.000942541109109319
0.0009421351704615444,0.0009421351704615444
0.0009417278909593365,0.0009417278909593365
0.0009413192718378438,0.0009413192718378438
0.000940909314336277,0.000940909314336277
0.0009404980196979061,0.0009404980196979061
0.000940085389170056,0.000940085389170056
0.0009396714240041031,0.0009396714240041031
0.0009392561254554713,0.0009392561254554713
0.0009388394947836278,0.0009388394947836278
0.0009384215332520805,0.0009384215332520805
0.0009380022421283725,0.0009380022421283725
0.0009375816226840799,0.0009375816226840799
0.0009371596761948067,0.0009371596761948067
0.0009367364039401814,0.0009367364039401814
0.0009363118072038535,0.0009363118072038535
0.0009358858872734887,0.0009358858872734887
0.0009354586454407661,0.0009354586454407661
0.0009350300830013731,0.0009350300830013731
0.0009346002012550025,0.0009346002012550025
0.0009341690015053484,0.0009341690015053484
0.0009337364850601009,0.0009337364850601009
0.0009333026532309444,0.0009333026532309444
0.0009328675073335518,0.0009328675073335518
0.0009324310486875814,0.0009324310486875814
0.0009319932786166724,0.0009319932786166724
0.0009315541984484414,0.0009315541984484414
0.000931113809514478,0.000931113809514478
0.0009306721131503408,0.0009306721131503408
0.0009302291106955534,0.0009302291106955534
0.0009297848034936007,0.0009297848034936007
0.0009293391928919238,0.0009293391928919238
0.0009288922802419174,0.0009288922802419174
0.0009284440668989243,0.0009284440668989243
0.0009279945542222321,0.0009279945542222321
0.0009275437435750689,0.0009275437435750689
0.000927091636324599,0.000927091636324599
0.0009266382338419191,0.0009266382338419191
0.0009261835375020535,0.0009261835375020535
0.0009257275486839511,0.0009257275486839511
0.0009252702687704795,0.0009252702687704795
0.0009248116991484227,0.0009248116991484227
0.0009243518412084753,0.0009243518412084753
0.0009238906963452394,0.0009238906963452394
0.0009234282659572195,0.0009234282659572195
0.0009229645514468193,0.0009229645514468193
0.0009224995542203361,0.0009224995542203361
0.0009220332756879577,0.0009220332756879577
0.0009215657172637579,0.0009215657172637579
0.0009210968803656914,0.0009210968803656914
0.0009206267664155906,0.0009206267664155906
0.0009201553768391607,0.0009201553768391607
0.0009196827130659751,0.0009196827130659751
0.0009192087765294717,0.0009192087765294717
0.0009187335686669487,0.0009187335686669487
0.0009182570909195591,0.0009182570909195591
0.0009177793447323076,0.0009177793447323076
0.0009173003315540451,0.0009173003315540451
0.0009168200528374655,0.0009168200528374655
0.0009163385100391004,0.0009163385100391004
0.0009158557046193148,0.0009158557046193148
0.000915371638042303,0.000915371638042303
0.0009148863117760842,0.0009148863117760842
0.0009143997272924974,0.0009143997272924974
0.0009139118860671974,0.0009139118860671974
0.0009134227895796508,0.0009134227895796508
0.0009129324393131306,0.0009129324393131306
0.0009124408367547119,0.0009124408367547119
0.0009119479833952683,0.0009119479833952683
0.000911453880729466,0.000911453880729466
0.0009109585302557603,0.0009109585302557603
0.0009104619334763906,0.0009104619334763906
0.000909964091897376,0.000909964091897376
0.0009094650070285104,0.0009094650070285104
0.0009089646803833589,0.0009089646803833589
0.0009084631134792516,0.0009084631134792516
0.0009079603078372806,0.0009079603078372806
0.0009074562649822944,0.0009074562649822944
0.0009069509864428935,0.0009069509864428935
0.0009064444737514262,0.0009064444737514262
0.000905936728443983,0.000905936728443983
0.0009054277520603933,0.0009054277520603933
0.0009049175461442191,0.0009049175461442191
0.000904406112242752,0.000904406112242752
0.0009038934519070072,0.0009038934519070072
0.0009033795666917191,0.0009033795666917191
0.0009028644581553373,0.0009028644581553373
0.0009023481278600212,0.0009023481278600212
0.000901830577371635,0.000901830577371635
0.000901311808259744,0.000901311808259744
0.0009007918220976086,0.0009007918220976086
0.0009002706204621802,0.0009002706204621802
0.0008997482049340968,0.0008997482049340968
0.0008992245770976775,0.0008992245770976775
0.0008986997385409177,0.0008986997385409177
0.000898173690855485,0.000898173690855485
0.0008976464356367133,0.0008976464356367133
0.0008971179744835989,0.0008971179744835989
0.0008965883089987957,0.0008965883089987957
0.0008960574407886091,0.0008960574407886091
0.0008955253714629927,0.0008955253714629927
0.0008949921026355423,0.0008949921026355423
0.0008944576359234917,0.0008944576359234917
0.0008939219729477073,0.0008939219729477073
0.0008933851153326833,0.0008933851153326833
0.000892847064706537,0.000892847064706537
0.0008923078227010037,0.0008923078227010037
0.0008917673909514322,0.0008917673909514322
0.0008912257710967783,0.0008912257710967783
0.000890682964779602,0.000890682964779602
0.0008901389736460611,0.0008901389736460611
0.0008895937993459066,0.0008895937993459066
0.0008890474435324775,0.0008890474435324775
0.0008884999078626961,0.0008884999078626961
0.0008879511939970628,0.0008879511939970628
0.0008874013035996513,0.0008874013035996513
0.0008868502383381027,0.0008868502383381027
0.0008862979998836221,0.0008862979998836221
0.0008857445899109715,0.0008857445899109715
0.0008851900100984663,0.0008851900100984663
0.0008846342621279697,0.0008846342621279697
0.0008840773476848871,0.0008840773476848871
0.0008835192684581621,0.0008835192684581621
0.00088296002614027,0.00088296002614027
0.0008823996224272137,0.0008823996224272137
0.0008818380590185186,0.0008818380590185186
0.0008812753376172265,0.0008812753376172265
0.0008807114599298913,0.0008807114599298913
0.0008801464276665736,0.0008801464276665736
0.0008795802425408352,0.0008795802425408352
0.0008790129062697346,0.0008790129062697346
0.0008784444205738209,0.0008784444205738209
0.0008778747871771292,0.0008778747871771292
0.0008773040078071753,0.0008773040078071753
0.0008767320841949503,0.0008767320841949503
0.0008761590180749155,0.0008761590180749155
0.0008755848111849969,0.0008755848111849969
0.0008750094652665803,0.0008750094652665803
0.0008744329820645054,0.0008744329820645054
0.0008738553633270616,0.0008738553633270616
0.0008732766108059813,0.0008732766108059813
0.0008726967262564358,0.0008726967262564358
0.0008721157114370293,0.0008721157114370293
0.0008715335681097935,0.0008715335681097935
0.0008709502980401832,0.0008709502980401832
0.0008703659029970694,0.0008703659029970694
0.0008697803847527354,0.0008697803847527354
0.0008691937450828706,0.0008691937450828706
0.0008686059857665651,0.0008686059857665651
0.0008680171085863051,0.0008680171085863051
0.0008674271153279663,0.0008674271153279663
0.0008668360077808093,0.0008668360077808093
0.0008662437877374743,0.0008662437877374743
0.0008656504569939751,0.0008656504569939751
0.0008650560173496937,0.0008650560173496937
0.0008644604706073755,0.0008644604706073755
0.000863863818573123,0.000863863818573123
0.0008632660630563908,0.0008632660630563908
0.00086266720586998,0.00086266720586998
0.0008620672488300327,0.0008620672488300327
0.0008614661937560268,0.0008614661937560268
0.0008608640424707697,0.0008608640424707697
0.0008602607968003935,0.0008602607968003935
0.0008596564585743493,0.0008596564585743493
0.0008590510296254013,0.0008590510296254013
0.0008584445117896218,0.0008584445117896218
0.0008578369069063853,0.0008578369069063853
0.0008572282168183628,0.0008572282168183628
0.0008566184433715165,0.0008566184433715165
0.0008560075884150941,0.0008560075884150941
0.000855395653801623,0.000855395653801623
0.0008547826413869052,0.0008547826413869052
0.000854168553030011,0.000854168553030011
0.0008535533905932737,0.0008535533905932737
0.0008529371559422843,0.0008529371559422843
0.0008523198509458851,0.0008523198509458851
0.0008517014774761644,0.0008517014774761644
0.0008510820374084511,0.0008510820374084511
0.0008504615326213085,0.0008504615326213085
0.0008498399649965294,0.0008498399649965294
0.0008492173364191286,0.0008492173364191286
0.0008485936487773403,0.0008485936487773403
0.0008479689039626087,0.0008479689039626087
0.0008473431038695851,0.0008473431038695851
0.0008467162503961209,0.0008467162503961209
0.0008460883454432618,0.0008460883454432618
0.0008454593909152427,0.0008454593909152427
0.0008448293887194814,0.0008448293887194814
0.0008441983407665725,0.0008441983407665725
0.0008435662489702828,0.0008435662489702828
0.0008429331152475443,0.0008429331152475443
0.0008422989415184488,0.0008422989415184488
0.0008416637297062421,0.0008416637297062421
0.0008410274817373187,0.0008410274817373187
0.0008403901995412146,0.0008403901995412146
0.0008397518850506028,0.0008397518850506028
0.000839112540201287,0.000839112540201287
0.0008384721669321952,0.0008384721669321952
0.0008378307671853746,0.0008378307671853746
0.0008371883429059854,0.0008371883429059854
0.0008365448960422948,0.0008365448960422948
0.0008359004285456709,0.0008359004285456709
0.0008352549423705775,0.0008352549423705775
0.0008346084394745677,0.0008346084394745677
0.0008339609218182773,0.0008339609218182773
0.0008333123913654205,0.0008333123913654205
0.0008326628500827827,0.0008326628500827827
0.0008320122999402142,0.0008320122999402142
0.0008313607429106257,0.0008313607429106257
0.0008307081809699809,0.0008307081809699809
0.000830054616097291,0.000830054616097291
0.0008294000502746098,0.0008294000502746098
0.0008287444854870252,0.0008287444854870252
0.0008280879237226555,0.0008280879237226555
0.0008274303669726426,0.0008274303669726426
0.0008267718172311454,0.0008267718172311454
0.0008261122764953344,0.0008261122764953344
0.0008254517467653857,0.0008254517467653857
0.0008247902300444743,0.0008247902300444743
0.0008241277283387689,0.0008241277283387689
0.0008234642436574248,0.0008234642436574248
0.0008227997780125791,0.0008227997780125791
0.000822134333419343,0.000822134333419343
0.0008214679118957968,0.0008214679118957968
0.000820800515462984,0.000820800515462984
0.0008201321461449042,0.0008201321461449042
0.0008194628059685076,0.0008194628059685076
0.0008187924969636887,0.0008187924969636887
0.00081812122116328,0.00081812122116328
0.000817448980603046,0.000817448980603046
0.0008167757773216777,0.0008167757773216777
0.0008161016133607844,0.0008161016133607844
0.0008154264907648902,0.0008154264907648902
0.0008147504115814253,0.0008147504115814253
0.0008140733778607219,0.0008140733778607219
0.0008133953916560062,0.0008133953916560062
0.0008127164550233934,0.0008127164550233934
0.0008120365700218811,0.0008120365700218811
0.0008113557387133427,0.0008113557387133427
0.0008106739631625217,0.0008106739631625217
0.0008099912454370249,0.0008099912454370249
0.0008093075876073169,0.0008093075876073169
0.0008086229917467127,0.0008086229917467127
0.0008079374599313728,0.0008079374599313728
0.0008072509942402955,0.0008072509942402955
0.0008065635967553114,0.0008065635967553114
0.0008058752695610773,0.0008058752695610773
0.0008051860147450689,0.0008051860147450689
0.0008044958343975757,0.0008044958343975757
0.0008038047306116935,0.0008038047306116935
0.000803112705483319,0.000803112705483319
0.000802419761111143,0.000802419761111143
0.0008017258995966437,0.0008017258995966437
0.0008010311230440808,0.0008010311230440808
0.0008003354335604897,0.0008003354335604897
0.0007996388332556734,0.0007996388332556734
0.000798941324242198,0.000798941324242198
0.0007982429086353848,0.0007982429086353848
0.0007975435885533049,0.0007975435885533049
0.0007968433661167722,0.0007968433661167722
0.0007961422434493372,0.0007961422434493372
0.0007954402226772804,0.0007954402226772804
0.0007947373059296061,0.0007947373059296061
0.0007940334953380358,0.0007940334953380358
0.0007933287930370018,0.0007933287930370018
0.0007926232011636404,0.0007926232011636404
0.000791916721857786,0.000791916721857786
0.0007912093572619643,0.0007912093572619643
0.0007905011095213854,0.0007905011095213854
0.0007897919807839382,0.0007897919807839382
0.0007890819732001831,0.0007890819732001831
0.0007883710889233455,0.0007883710889233455
0.0007876593301093103,0.0007876593301093103
0.000786946698916614,0.000786946698916614
0.0007862331975064387,0.0007862331975064387
0.0007855188280426059,0.0007855188280426059
0.0007848035926915695,0.0007848035926915695
0.0007840874936224092,0.0007840874936224092
0.0007833705330068244,0.0007833705330068244
0.0007826527130191272,0.0007826527130191272
0.0007819340358362356,0.0007819340358362356
0.0007812145036376676,0.0007812145036376676
0.0007804941186055341,0.0007804941186055341
0.0007797728829245321,0.0007797728829245321
0.0007790507987819384,0.0007790507987819384
0.0007783278683676035,0.0007783278683676035
0.0007776040938739434,0.0007776040938739434
0.000776879477495935,0.000776879477495935
0.0007761540214311074,0.0007761540214311074
0.0007754277278795366,0.0007754277278795366
0.0007747005990438385,0.0007747005990438385
0.0007739726371291623,0.0007739726371291623
0.0007732438443431833,0.0007732438443431833
0.0007725142228960966,0.0007725142228960966
0.0007717837750006106,0.0007717837750006106
0.00077105250287194,0.00077105250287194
0.0007703204087277988,0.0007703204087277988
0.0007695874947883945,0.0007695874947883945
0.0007688537632764203,0.0007688537632764203
0.0007681192164170489,0.0007681192164170489
0.0007673838564379258,0.0007673838564379258
0.0007666476855691626,0.0007666476855691626
0.0007659107060433299,0.0007659107060433299
0.0007651729200954505,0.0007651729200954505
0.0007644343299629927,0.0007644343299629927
0.0007636949378858647,0.0007636949378858647
0.0007629547461064053,0.0007629547461064053
0.0007622137568693796,0.0007622137568693796
0.0007614719724219705,0.0007614719724219705
0.0007607293950137728,0.0007607293950137728
0.0007599860268967863,0.0007599860268967863
0.0007592418703254082,0.0007592418703254082
0.0007584969275564273,0.0007584969275564273
0.0007577512008490166,0.0007577512008490166
0.0007570046924647264,0.0007570046924647264
0.0007562574046674777,0.0007562574046674777
0.0007555093397235552,0.0007555093397235552
0.0007547604999016002,0.0007547604999016002
0.0007540108874726046,0.0007540108874726046
0.0007532605047099024,0.0007532605047099024
0.0007525093538891646,0.0007525093538891646
0.0007517574372883911,0.0007517574372883911
0.0007510047571879042,0.0007510047571879042
0.0007502513158703417,0.0007502513158703417
0.00074949711562065,0.00074949711562065
0.0007487421587260771,0.0007487421587260771
0.0007479864474761652,0.0007479864474761652
0.000747229984162745,0.000747229984162745
0.0007464727710799276,0.0007464727710799276
0.0007457148105240976,0.0007457148105240976
0.0007449561047939068,0.0007449561047939068
0.0007441966561902669,0.0007441966561902669
0.0007434364670163423,0.0007434364670163423
0.0007426755395775433,0.0007426755395775433
0.0007419138761815195,0.0007419138761815195
0.0007411514791381519,0.0007411514791381519
0.000740388350759547,0.000740388350759547
0.0007396244933600284,0.0007396244933600284
0.0007388599092561315,0.0007388599092561315
0.0007380946007665948,0.0007380946007665948
0.0007373285702123542,0.0007373285702123542
0.0007365618199165351,0.0007365618199165351
0.0007357943522044455,0.0007357943522044455
0.0007350261694035696,0.0007350261694035696
0.0007342572738435597,0.0007342572738435597
0.0007334876678562299,0.0007334876678562299
0.0007327173537755487,0.0007327173537755487
0.0007319463339376325,0.0007319463339376325
0.0007311746106807371,0.0007311746106807371
0.0007304021863452525,0.0007304021863452525
0.0007296290632736942,0.0007296290632736942
0.0007288552438106973,0.0007288552438106973
0.000728080730303008,0.000728080730303008
0.0007273055250994785,0.0007273055250994785
0.0007265296305510573,0.0007265296305510573
0.0007257530490107847,0.0007257530490107847
0.0007249757828337838,0.0007249757828337838
0.0007241978343772537,0.0007241978343772537
0.0007234192060004636,0.0007234192060004636
0.0007226399000647439,0.0007226399000647439
0.0007218599189334799,0.0007218599189334799
0.0007210792649721047,0.0007210792649721047
0.000720297940548092,0.000720297940548092
0.0007195159480309487,0.0007195159480309487
0.0007187332897922075,0.0007187332897922075
0.0007179499682054205,0.0007179499682054205
0.0007171659856461513,0.0007171659856461513
0.0007163813444919678,0.0007163813444919678
0.0007155960471224358,0.0007155960471224358
0.0007148100959191105,0.0007148100959191105
0.0007140234932655306,0.0007140234932655306
0.0007132362415472099,0.0007132362415472099
0.0007124483431516309,0.0007124483431516309
0.0007116598004682373,0.0007116598004682373
0.0007108706158884265,0.0007108706158884265
0.0007100807918055428,0.0007100807918055428
0.0007092903306148697,0.0007092903306148697
0.0007084992347136229,0.0007084992347136229
0.0007077075065009433,0.0007077075065009433
0.0007069151483778889,0.0007069151483778889
0.0007061221627474281,0.0007061221627474281
0.0007053285520144327,0.0007053285520144327
0.00070453431858567,0.00070453431858567
0.0007037394648697956,0.0007037394648697956
0.0007029439932773465,0.0007029439932773465
0.0007021479062207332,0.0007021479062207332
0.0007013512061142331,0.0007013512061142331
0.0007005538953739824,0.0007005538953739824
0.0006997559764179694,0.0006997559764179694
0.000698957451666027,0.000698957451666027
0.000698158323539825,0.000698158323539825
0.0006973585944628633,0.0006973585944628633
0.0006965582668604639,0.0006965582668604639
0.0006957573431597646,0.0006957573431597646
0.0006949558257897102,0.0006949558257897102
0.0006941537171810466,0.0006941537171810466
0.0006933510197663123,0.0006933510197663123
0.0006925477359798317,0.0006925477359798317
0.0006917438682577071,0.0006917438682577071
0.0006909394190378122,0.0006909394190378122
0.000690134390759784,0.000690134390759784
0.0006893287858650154,0.0006893287858650154
0.0006885226067966483,0.0006885226067966483
0.0006877158559995657,0.0006877158559995657
0.0006869085359203844,0.0006869085359203844
0.0006861006490074479,0.0006861006490074479
0.0006852921977108183,0.0006852921977108183
0.00068448318448227,0.00068448318448227
0.0006836736117752809,0.0006836736117752809
0.0006828634820450258,0.0006828634820450258
0.0006820527977483688,0.0006820527977483688
0.0006812415613438559,0.0006812415613438559
0.0006804297752917077,0.0006804297752917077
0.0006796174420538112,0.0006796174420538112
0.0006788045640937128,0.0006788045640937128
0.0006779911438766117,0.0006779911438766117
0.0006771771838693506,0.0006771771838693506
0.0006763626865404097,0.0006763626865404097
0.0006755476543598986,0.0006755476543598986
0.0006747320897995492,0.0006747320897995492
0.0006739159953327076,0.0006739159953327076
0.000673099373434327,0.000673099373434327
0.0006722822265809605,0.0006722822265809605
0.0006714645572507524,0.0006714645572507524
0.0006706463679234325,0.0006706463679234325
0.0006698276610803069,0.0006698276610803069
0.0006690084392042513,0.0006690084392042513
0.0006681887047797037,0.0006681887047797037
0.0006673684602926559,0.0006673684602926559
0.0006665477082306468,0.0006665477082306468
0.0006657264510827549,0.0006657264510827549
0.00066490469133959,0.00066490469133959
0.0006640824314932866,0.0006640824314932866
0.0006632596740374952,0.0006632596740374952
0.0006624364214673763,0.0006624364214673763
0.000661612676279591,0.000661612676279591
0.0006607884409722947,0.0006607884409722947
0.0006599637180451295,0.0006599637180451295
0.000659138509999216,0.000659138509999216
0.000658312819337146,0.000658312819337146
0.0006574866485629747,0.0006574866485629747
0.0006566600001822138,0.0006566600001822138
0.0006558328767018233,0.0006558328767018233
0.0006550052806302038,0.0006550052806302038
0.0006541772144771893,0.0006541772144771893
0.0006533486807540393,0.0006533486807540393
0.0006525196819734313,0.0006525196819734313
0.0006516902206494535,0.0006516902206494535
0.0006508602992975963,0.0006508602992975963
0.0006500299204347453,0.0006500299204347453
0.0006491990865791742,0.0006491990865791742
0.000648367800250536,0.000648367800250536
0.0006475360639698558,0.0006475360639698558
0.0006467038802595237,0.0006467038802595237
0.0006458712516432864,0.0006458712516432864
0.00064503818064624,0.00064503818064624
0.0006442046697948219,0.0006442046697948219
0.0006433707216168041,0.0006433707216168041
0.0006425363386412843,0.0006425363386412843
0.0006417015233986786,0.0006417015233986786
0.0006408662784207149,0.0006408662784207149
0.0006400306062404235,0.0006400306062404235
0.0006391945093921308,0.0006391945093921308
0.000638357990411451,0.000638357990411451
0.0006375210518352779,0.0006375210518352779
0.0006366836962017787,0.0006366836962017787
0.0006358459260503848,0.0006358459260503848
0.000635007743921785,0.000635007743921785
0.0006341691523579172,0.0006341691523579172
0.0006333301539019613,0.0006333301539019613
0.000632490751098331,0.000632490751098331
0.0006316509464926661,0.0006316509464926661
0.0006308107426318254,0.0006308107426318254
0.0006299701420638781,0.0006299701420638781
0.0006291291473380969,0.0006291291473380969
0.0006282877610049491,0.0006282877610049491
0.0006274459856160904,0.0006274459856160904
0.0006266038237243561,0.0006266038237243561
0.0006257612778837535,0.0006257612778837535
0.0006249183506494544,0.0006249183506494544
0.0006240750445777873,0.0006240750445777873
0.0006232313622262297,0.0006232313622262297
0.0006223873061533998,0.0006223873061533998
0.0006215428789190497,0.0006215428789190497
0.0006206980830840567,0.0006206980830840567
0.0006198529212104164,0.0006198529212104164
0.0006190073958612339,0.0006190073958612339
0.0006181615096007172,0.0006181615096007172
0.0006173152649941682,0.0006173152649941682
0.0006164686646079762,0.0006164686646079762
0.0006156217110096088,0.0006156217110096088
0.0006147744067676056,0.0006147744067676056
0.0006139267544515689,0.0006139267544515689
0.0006130787566321568,0.0006130787566321568
0.000612230415881075,0.000612230415881075
0.0006113817347710698,0.0006113817347710698
0.0006105327158759191,0.0006105327158759191
0.0006096833617704254,0.0006096833617704254
0.0006088336750304078,0.0006088336750304078
0.0006079836582326946,0.0006079836582326946
0.000607133313955114,0.000607133313955114
0.0006062826447764884,0.0006062826447764884
0.0006054316532766249,0.0006054316532766249
0.0006045803420363084,0.0006045803420363084
0.0006037287136372935,0.0006037287136372935
0.0006028767706622959,0.0006028767706622959
0.0006020245156949868,0.0006020245156949868
0.000601171951319982,0.000601171951319982
0.0006003190801228366,0.0006003190801228366
0.0005994659046900356,0.0005994659046900356
0.0005986124276089877,0.0005986124276089877
0.000597758651468015,0.000597758651468015
0.0005969045788563475,0.0005969045788563475
0.0005960502123641138,0.0005960502123641138
0.0005951955545823342,0.0005951955545823342
0.0005943406081029122,0.0005943406081029122
0.0005934853755186263,0.0005934853755186263
0.0005926298594231237,0.0005926298594231237
0.0005917740624109107,0.0005917740624109107
0.0005909179870773457,0.0005909179870773457
0.0005900616360186308,0.0005900616360186308
0.0005892050118318048,0.0005892050118318048
0.000588348117114735,0.000588348117114735
0.0005874909544661083,0.0005874909544661083
0.0005866335264854247,0.0005866335264854247
0.0005857758357729892,0.0005857758357729892
0.0005849178849299026,0.0005849178849299026
0.0005840596765580555,0.0005840596765580555
0.0005832012132601188,0.0005832012132601188
0.0005823424976395372,0.0005823424976395372
0.0005814835323005203,0.0005814835323005203
0.0005806243198480347,0.0005806243198480347
0.0005797648628877971,0.0005797648628877971
0.0005789051640262648,0.0005789051640262648
0.0005780452258706299,0.0005780452258706299
0.000577185051028809,0.000577185051028809
0.0005763246421094373,0.0005763246421094373
0.0005754640017218596,0.0005754640017218596
0.0005746031324761225,0.0005746031324761225
0.000573742036982967,0.000573742036982967
0.0005728807178538199,0.0005728807178538199
0.0005720191777007867,0.0005720191777007867
0.0005711574191366427,0.0005711574191366427
0.0005702954447748257,0.0005702954447748257
0.0005694332572294279,0.0005694332572294279
0.0005685708591151885,0.0005685708591151885
0.0005677082530474845,0.0005677082530474845
0.0005668454416423242,0.0005668454416423242
0.0005659824275163384,0.0005659824275163384
0.0005651192132867727,0.0005651192132867727
0.0005642558015714792,0.0005642558015714792
0.0005633921949889095,0.0005633921949889095
0.0005625283961581059,0.0005625283961581059
0.0005616644076986936,0.0005616644076986936
0.0005608002322308731,0.0005608002322308731
0.0005599358723754119,0.0005599358723754119
0.0005590713307536369,0.0005590713307536369
0.0005582066099874259,0.0005582066099874259
0.0005573417126992003,0.0005573417126992003
0.0005564766415119165,0.0005564766415119165
0.0005556113990490587,0.0005556113990490587
0.0005547459879346302,0.0005547459879346302
0.0005538804107931457,0.0005538804107931457
0.0005530146702496239,0.0005530146702496239
0.0005521487689295787,0.0005521487689295787
0.0005512827094590112,0.0005512827094590112
0.000550416494464403,0.000550416494464403
0.0005495501265727066,0.0005495501265727066
0.0005486836084113387,0.0005486836084113387
0.0005478169426081711,0.0005478169426081711
0.0005469501317915242,0.0005469501317915242
0.0005460831785901575,0.0005460831785901575
0.0005452160856332624,0.0005452160856332624
0.0005443488555504544,0.0005443488555504544
0.0005434814909717648,0.0005434814909717648
0.0005426139945276326,0.0005426139945276326
0.0005417463688488968,0.0005417463688488968
0.0005408786165667884,0.0005408786165667884
0.0005400107403129222,0.0005400107403129222
0.0005391427427192891,0.0005391427427192891
0.0005382746264182479,0.0005382746264182479
0.0005374063940425174,0.0005374063940425174
0.0005365380482251685,0.0005365380482251685
0.0005356695915996161,0.0005356695915996161
0.0005348010267996113,0.0005348010267996113
0.0005339323564592327,0.0005339323564592327
0.0005330635832128796,0.0005330635832128796
0.0005321947096952633,0.0005321947096952633
0.0005313257385413985,0.0005313257385413985
0.0005304566723865971,0.0005304566723865971
0.0005295875138664583,0.0005295875138664583
0.0005287182656168618,0.0005287182656168618
0.0005278489302739587,0.0005278489302739587
0.0005269795104741656,0.0005269795104741656
0.0005261100088541538,0.0005261100088541538
0.0005252404280508439,0.0005252404280508439
0.0005243707707013956,0.0005243707707013956
0.0005235010394432016,0.0005235010394432016
0.0005226312369138781,0.0005226312369138781
0.0005217613657512581,0.0005217613657512581
0.0005208914285933819,0.0005208914285933819
0.0005200214280784908,0.0005200214280784908
0.0005191513668450177,0.0005191513668450177
0.0005182812475315798,0.0005182812475315798
0.0005174110727769704,0.0005174110727769704
0.000516540845220151,0.000516540845220151
0.0005156705675002431,0.0005156705675002431
0.0005148002422565207,0.0005148002422565207
0.0005139298721284013,0.0005139298721284013
0.0005130594597554391,0.0005130594597554391
0.0005121890077773161,0.0005121890077773161
0.0005113185188338345,0.0005113185188338345
0.0005104479955649088,0.0005104479955649088
0.0005095774406105571,0.0005095774406105571
0.0005087068566108941,0.0005087068566108941
0.0005078362462061221,0.0005078362462061221
0.0005069656120365241,0.0005069656120365241
0.0005060949567424546,0.0005060949567424546
0.0005052242829643323,0.0005052242829643323
0.0005043535933426323,0.0005043535933426323
0.0005034828905178775,0.0005034828905178775
0.0005026121771306306,0.0005026121771306306
0.0005017414558214869,0.0005017414558214869
0.0005008707292310649,0.0005008707292310649
0.0005,0.0005
0.000499129270768935,0.000499129270768935
0.0004982585441785132,0.0004982585441785132
0.0004973878228693693,0.0004973878228693693
0.0004965171094821226,0.0004965171094821226
0.0004956464066573677,0.0004956464066573677
0.0004947757170356677,0.0004947757170356677
0.0004939050432575454,0.0004939050432575454
0.0004930343879634762,0.0004930343879634762
0.000492163753793878,0.000492163753793878
0.0004912931433891061,0.0004912931433891061
0.000490422559389443,0.000490422559389443
0.0004895520044350914,0.0004895520044350914
0.0004886814811661655,0.0004886814811661655
0.00048781099222268377,0.00048781099222268377
0.00048694054024456094,0.00048694054024456094
0.0004860701278715987,0.0004860701278715987
0.0004851997577434794,0.0004851997577434794
0.00048432943249975685,0.00048432943249975685
0.0004834591547798492,0.0004834591547798492
0.00048258892722302974,0.00048258892722302974
0.0004817187524684203,0.0004817187524684203
0.00048084863315498236,0.00048084863315498236
0.00047997857192150933,0.00047997857192150933
0.0004791085714066181,0.0004791085714066181
0.000478238634248742,0.000478238634248742
0.0004773687630861219,0.0004773687630861219
0.00047649896055679844,0.00047649896055679844
0.00047562922929860445,0.00047562922929860445
0.0004747595719491561,0.0004747595719491561
0.0004738899911458462,0.0004738899911458462
0.00047302048952583447,0.00047302048952583447
0.00047215106972604127,0.00047215106972604127
0.0004712817343831384,0.0004712817343831384
0.0004704124861335418,0.0004704124861335418
0.0004695433276134029,0.0004695433276134029
0.0004686742614586015,0.0004686742614586015
0.00046780529030473686,0.00046780529030473686
0.00046693641678712027,0.00046693641678712027
0.00046606764354076736,0.00046606764354076736
0.00046519897320038877,0.00046519897320038877
0.00046433040840038387,0.00046433040840038387
0.00046346195177483145,0.00046346195177483145
0.0004625936059574828,0.0004625936059574828
0.00046172537358175214,0.00046172537358175214
0.0004608572572807111,0.0004608572572807111
0.0004599892596870779,0.0004599892596870779
0.00045912138343321167,0.00045912138343321167
0.0004582536311511032,0.0004582536311511032
0.0004573860054723673,0.0004573860054723673
0.00045651850902823525,0.00045651850902823525
0.0004556511444495456,0.0004556511444495456
0.00045478391436673765,0.00045478391436673765
0.0004539168214098426,0.0004539168214098426
0.00045304986820847594,0.00045304986820847594
0.0004521830573918289,0.0004521830573918289
0.0004513163915886615,0.0004513163915886615
0.00045044987342729345,0.00045044987342729345
0.0004495835055355972,0.0004495835055355972
0.00044871729054098874,0.00044871729054098874
0.00044785123107042156,0.00044785123107042156
0.00044698532975037615,0.00044698532975037615
0.00044611958920685423,0.00044611958920685423
0.00044525401206536993,0.00044525401206536993
0.0004443886009509413,0.0004443886009509413
0.0004435233584880836,0.0004435233584880836
0.0004426582873007998,0.0004426582873007998
0.00044179339001257416,0.00044179339001257416
0.0004409286692463631,0.0004409286692463631
0.0004400641276245882,0.0004400641276245882
0.000439199767769127,0.000439199767769127
0.0004383355923013066,0.0004383355923013066
0.0004374716038418942,0.0004374716038418942
0.00043660780501109076,0.00043660780501109076
0.00043574419842852086,0.00043574419842852086
0.0004348807867132274,0.0004348807867132274
0.0004340175724836617,0.0004340175724836617
0.00043315455835767574,0.00043315455835767574
0.0004322917469525155,0.0004322917469525155
0.00043142914088481157,0.00043142914088481157
0.0004305667427705722,0.0004305667427705722
0.0004297045552251745,0.0004297045552251745
0.0004288425808633575,0.0004288425808633575
0.00042798082229921337,0.00042798082229921337
0.0004271192821461802,0.0004271192821461802
0.00042625796301703323,0.00042625796301703323
0.00042539686752387764,0.00042539686752387764
0.0004245359982781406,0.0004245359982781406
0.0004236753578905627,0.0004236753578905627
0.00042281494897119105,0.00042281494897119105
0.00042195477412937014,0.00042195477412937014
0.0004210948359737352,0.0004210948359737352
0.0004202351371122031,0.0004202351371122031
0.0004193756801519654,0.0004193756801519654
0.0004185164676994798,0.0004185164676994798
0.00041765750236046295,0.00041765750236046295
0.0004167987867398813,0.0004167987867398813
0.0004159403234419448,0.0004159403234419448
0.0004150821150700975,0.0004150821150700975
0.0004142241642270108,0.0004142241642270108
0.00041336647351457523,0.00041336647351457523
0.0004125090455338917,0.0004125090455338917
0.00041165188288526513,0.00041165188288526513
0.0004107949881681951,0.0004107949881681951
0.0004099383639813693,0.0004099383639813693
0.00040908201292265444,0.00040908201292265444
0.00040822593758908944,0.00040822593758908944
0.00040737014057687626,0.00040737014057687626
0.0004065146244813737,0.0004065146244813737
0.000405659391897088,0.000405659391897088
0.00040480444541766573,0.00040480444541766573
0.0004039497876358863,0.0004039497876358863
0.00040309542114365263,0.00040309542114365263
0.0004022413485319851,0.0004022413485319851
0.0004013875723910123,0.0004013875723910123
0.00040053409530996437,0.00040053409530996437
0.00039968091987716345,0.00039968091987716345
0.0003988280486800182,0.0003988280486800182
0.00039797548430501337,0.00039797548430501337
0.00039712322933770414,0.00039712322933770414
0.00039627128636270673,0.00039627128636270673
0.00039541965796369177,0.00039541965796369177
0.00039456834672337514,0.00039456834672337514
0.00039371735522351166,0.00039371735522351166
0.00039286668604488606,0.00039286668604488606
0.0003920163417673055,0.0003920163417673055
0.0003911663249695923,0.0003911663249695923
0.00039031663822957475,0.00039031663822957475
0.00038946728412408115,0.00038946728412408115
0.0003886182652289304,0.0003886182652289304
0.00038776958411892526,0.00038776958411892526
0.0003869212433678434,0.0003869212433678434
0.0003860732455484313,0.0003860732455484313
0.00038522559323239447,0.00038522559323239447
0.0003843782889903912,0.0003843782889903912
0.0003835313353920239,0.0003835313353920239
0.0003826847350058318,0.0003826847350058318
0.000381838490399283,0.000381838490399283
0.0003809926041387661,0.0003809926041387661
0.0003801470787895837,0.0003801470787895837
0.00037930191691594326,0.00037930191691594326
0.0003784571210809505,0.0003784571210809505
0.0003776126938466003,0.0003776126938466003
0.0003767686377737705,0.0003767686377737705
0.0003759249554222128,0.0003759249554222128
0.00037508164935054586,0.00037508164935054586
0.0003742387221162466,0.0003742387221162466
0.00037339617627564394,0.00037339617627564394
0.0003725540143839097,0.0003725540143839097
0.0003717122389950509,0.0003717122389950509
0.00037087085266190325,0.00037087085266190325
0.00037002985793612174,0.00037002985793612174
0.0003691892573681747,0.0003691892573681747
0.00036834905350733395,0.00036834905350733395
0.00036750924890166926,0.00036750924890166926
0.0003666698460980388,0.0003666698460980388
0.0003658308476420831,0.0003658308476420831
0.0003649922560782152,0.0003649922560782152
0.00036415407394961536,0.00036415407394961536
0.0003633163037982214,0.0003633163037982214
0.0003624789481647221,0.0003624789481647221
0.00036164200958854916,0.00036164200958854916
0.0003608054906078691,0.0003608054906078691
0.00035996939375957656,0.00035996939375957656
0.0003591337215792851,0.0003591337215792851
0.00035829847660132146,0.00035829847660132146
0.00035746366135871587,0.00035746366135871587
0.00035662927838319607,0.00035662927838319607
0.0003557953302051782,0.0003557953302051782
0.00035496181935376023,0.00035496181935376023
0.0003541287483567137,0.0003541287483567137
0.0003532961197404763,0.0003532961197404763
0.0003524639360301443,0.0003524639360301443
0.0003516321997494641,0.0003516321997494641
0.00035080091342082586,0.00035080091342082586
0.0003499700795652546,0.0003499700795652546
0.00034913970070240386,0.00034913970070240386
0.00034830977935054654,0.00034830977935054654
0.0003474803180265688,0.0003474803180265688
0.0003466513192459608,0.0003466513192459608
0.0003458227855228108,0.0003458227855228108
0.0003449947193697962,0.0003449947193697962
0.00034416712329817683,0.00034416712329817683
0.00034333999981778625,0.00034333999981778625
0.00034251335143702533,0.00034251335143702533
0.0003416871806628542,0.0003416871806628542
0.000340861490000784,0.000340861490000784
0.0003400362819548706,0.0003400362819548706
0.00033921155902770533,0.00033921155902770533
0.00033838732372040925,0.00033838732372040925
0.0003375635785326238,0.0003375635785326238
0.0003367403259625048,0.0003367403259625048
0.0003359175685067135,0.0003359175685067135
0.00033509530866041015,0.00033509530866041015
0.00033427354891724527,0.00033427354891724527
0.00033345229176935334,0.00033345229176935334
0.0003326315397073442,0.0003326315397073442
0.0003318112952202963,0.0003318112952202963
0.0003309915607957487,0.0003309915607957487
0.00033017233891969314,0.00033017233891969314
0.0003293536320765675,0.0003293536320765675
0.0003285354427492475,0.0003285354427492475
0.00032771777341903974,0.00032771777341903974
0.00032690062656567297,0.00032690062656567297
0.00032608400466729257,0.00032608400466729257
0.0003252679102004509,0.0003252679102004509
0.00032445234564010153,0.00032445234564010153
0.0003236373134595904,0.0003236373134595904
0.00032282281613064945,0.00032282281613064945
0.0003220088561233884,0.0003220088561233884
0.00032119543590628706,0.00032119543590628706
0.0003203825579461889,0.0003203825579461889
0.0003195702247082922,0.0003195702247082922
0.00031875843865614406,0.00031875843865614406
0.0003179472022516313,0.0003179472022516313
0.00031713651795497446,0.00031713651795497446
0.00031632638822471927,0.00031632638822471927
0.00031551681551773023,0.00031551681551773023
0.0003147078022891817,0.0003147078022891817
0.00031389935099255227,0.00031389935099255227
0.00031309146407961565,0.00031309146407961565
0.00031228414400043426,0.00031228414400043426
0.00031147739320335166,0.00031147739320335166
0.0003106712141349844,0.0003106712141349844
0.00030986560924021604,0.00030986560924021604
0.0003090605809621878,0.0003090605809621878
0.000308256131742293,0.000308256131742293
0.00030745226402016846,0.00030745226402016846
0.0003066489802336879,0.0003066489802336879
0.00030584628281895356,0.00030584628281895356
0.00030504417421028994,0.00030504417421028994
0.00030424265684023555,0.00030424265684023555
0.0003034417331395361,0.0003034417331395361
0.00030264140553713684,0.00030264140553713684
0.00030184167646017494,0.00030184167646017494
0.000301042548333973,0.000301042548333973
0.00030024402358203055,0.00030024402358203055
0.0002994461046260177,0.0002994461046260177
0.00029864879388576696,0.00029864879388576696
0.000297852093779267,0.000297852093779267
0.00029705600672265365,0.00029705600672265365
0.0002962605351302045,0.0002962605351302045
0.00029546568141433004,0.00029546568141433004
0.00029467144798556746,0.00029467144798556746
0.000293877837252572,0.000293877837252572
0.0002930848516221113,0.0002930848516221113
0.0002922924934990568,0.0002922924934990568
0.0002915007652863771,0.0002915007652863771
0.00029070966938513044,0.00029070966938513044
0.00028991920819445736,0.00028991920819445736
0.00028912938411157366,0.00028912938411157366
0.0002883401995317627,0.0002883401995317627
0.00028755165684836925,0.00028755165684836925
0.00028676375845279015,0.00028676375845279015
0.0002859765067344695,0.0002859765067344695
0.0002851899040808895,0.0002851899040808895
0.00028440395287756415,0.00028440395287756415
0.0002836186555080323,0.0002836186555080323
0.0002828340143538488,0.0002828340143538488
0.00028205003179457955,0.00028205003179457955
0.0002812667102077926,0.0002812667102077926
0.00028048405196905146,0.00028048405196905146
0.00027970205945190786,0.00027970205945190786
0.00027892073502789537,0.00027892073502789537
0.0002781400810665201,0.0002781400810665201
0.0002773600999352562,0.0002773600999352562
0.00027658079399953643,0.00027658079399953643
0.0002758021656227463,0.0002758021656227463
0.0002750242171662165,0.0002750242171662165
0.0002742469509892153,0.0002742469509892153
0.00027347036944894273,0.00027347036944894273
0.00027269447490052166,0.00027269447490052166
0.000271919269696992,0.000271919269696992
0.0002711447561893029,0.0002711447561893029
0.0002703709367263059,0.0002703709367263059
0.0002695978136547476,0.0002695978136547476
0.0002688253893192631,0.0002688253893192631
0.00026805366606236767,0.00026805366606236767
0.00026728264622445137,0.00026728264622445137
0.0002665123321437703,0.0002665123321437703
0.0002657427261564405,0.0002657427261564405
0.0002649738305964304,0.0002649738305964304
0.00026420564779555444,0.00026420564779555444
0.0002634381800834649,0.0002634381800834649
0.0002626714297876458,0.0002626714297876458
0.0002619053992334053,0.0002619053992334053
0.00026114009074386846,0.00026114009074386846
0.00026037550663997176,0.00026037550663997176
0.0002596116492404531,0.0002596116492404531
0.00025884852086184806,0.00025884852086184806
0.0002580861238184806,0.0002580861238184806
0.00025732446042245685,0.00025732446042245685
0.00025656353298365777,0.00025656353298365777
0.00025580334380973316,0.00025580334380973316
0.0002550438952060932,0.0002550438952060932
0.00025428518947590245,0.00025428518947590245
0.00025352722892007254,0.00025352722892007254
0.0002527700158372548,0.0002527700158372548
0.00025201355252383483,0.00025201355252383483
0.000251257841273923,0.000251257841273923
0.00025050288437935,0.00025050288437935
0.0002497486841296584,0.0002497486841296584
0.000248995242812096,0.000248995242812096
0.00024824256271160916,0.00024824256271160916
0.0002474906461108357,0.0002474906461108357
0.0002467394952900977,0.0002467394952900977
0.00024598911252739556,0.00024598911252739556
0.00024523950009839977,0.00024523950009839977
0.0002444906602764447,0.0002444906602764447
0.0002437425953325224,0.0002437425953325224
0.00024299530753527353,0.00024299530753527353
0.0002422487991509834,0.0002422487991509834
0.00024150307244357271,0.00024150307244357271
0.00024075812967459193,0.00024075812967459193
0.0002400139731032139,0.0002400139731032139
0.00023927060498622733,0.00023927060498622733
0.0002385280275780295,0.0002385280275780295
0.00023778624313062048,0.00023778624313062048
0.00023704525389359472,0.00023704525389359472
0.0002363050621141354,0.0002363050621141354
0.00023556567003700724,0.00023556567003700724
0.00023482707990454954,0.00023482707990454954
0.0002340892939566701,0.0002340892939566701
0.0002333523144308373,0.0002333523144308373
0.00023261614356207417,0.00023261614356207417
0.00023188078358295122,0.00023188078358295122
0.00023114623672357992,0.00023114623672357992
0.0002304125052116055,0.0002304125052116055
0.0002296795912722014,0.0002296795912722014
0.00022894749712806011,0.00022894749712806011
0.00022821622499938948,0.00022821622499938948
0.0002274857771039035,0.0002274857771039035
0.00022675615565681667,0.00022675615565681667
0.00022602736287083785,0.00022602736287083785
0.0002252994009561614,0.0002252994009561614
0.00022457227212046348,0.00022457227212046348
0.00022384597856889277,0.00022384597856889277
0.00022312052250406518,0.00022312052250406518
0.00022239590612605642,0.00022239590612605642
0.0002216721316323967,0.0002216721316323967
0.00022094920121806157,0.00022094920121806157
0.000220227117075468,0.000220227117075468
0.00021950588139446598,0.00021950588139446598
0.00021878549636233224,0.00021878549636233224
0.00021806596416376446,0.00021806596416376446
0.0002173472869808728,0.0002173472869808728
0.0002166294669931756,0.0002166294669931756
0.00021591250637759086,0.00021591250637759086
0.0002151964073084307,0.0002151964073084307
0.00021448117195739413,0.00021448117195739413
0.0002137668024935615,0.0002137668024935615
0.00021305330108338605,0.00021305330108338605
0.00021234066989068973,0.00021234066989068973
0.0002116289110766545,0.0002116289110766545
0.0002109180267998169,0.0002109180267998169
0.000210208019216062,0.000210208019216062
0.00020949889047861458,0.00020949889047861458
0.00020879064273803577,0.00020879064273803577
0.000208083278142214,0.000208083278142214
0.0002073767988363597,0.0002073767988363597
0.0002066712069629984,0.0002066712069629984
0.00020596650466196437,0.00020596650466196437
0.00020526269407039393,0.00020526269407039393
0.0002045597773227199,0.0002045597773227199
0.0002038577565506629,0.0002038577565506629
0.00020315663388322785,0.00020315663388322785
0.00020245641144669513,0.00020245641144669513
0.00020175709136461506,0.00020175709136461506
0.00020105867575780195,0.00020105867575780195
0.00020036116674432652,0.00020036116674432652
0.00019966456643951043,0.00019966456643951043
0.00019896887695591926,0.00019896887695591926
0.00019827410040335657,0.00019827410040335657
0.00019758023888885706,0.00019758023888885706
0.00019688729451668114,0.00019688729451668114
0.0001961952693883065,0.0001961952693883065
0.0001955041656024244,0.0001955041656024244
0.00019481398525493117,0.00019481398525493117
0.0001941247304389227,0.0001941247304389227
0.00019343640324468852,0.00019343640324468852
0.00019274900575970454,0.00019274900575970454
0.00019206254006862722,0.00019206254006862722
0.0001913770082532873,0.0001913770082532873
0.00019069241239268324,0.00019069241239268324
0.00019000875456297506,0.00019000875456297506
0.00018932603683747857,0.00018932603683747857
0.00018864426128665734,0.00018864426128665734
0.000187963429978119,0.000187963429978119
0.00018728354497660665,0.00018728354497660665
0.0001866046083439939,0.0001866046083439939
0.00018592662213927824,0.00018592662213927824
0.0001852495884185746,0.0001852495884185746
0.00018457350923510986,0.00018457350923510986
0.00018389838663921554,0.00018389838663921554
0.00018322422267832246,0.00018322422267832246
0.00018255101939695378,0.00018255101939695378
0.00018187877883672022,0.00018187877883672022
0.0001812075030363114,0.0001812075030363114
0.00018053719403149243,0.00018053719403149243
0.0001798678538550958,0.0001798678538550958
0.00017919948453701606,0.00017919948453701606
0.00017853208810420329,0.00017853208810420329
0.0001778656665806573,0.0001778656665806573
0.00017720022198742093,0.00017720022198742093
0.00017653575634257512,0.00017653575634257512
0.00017587227166123115,0.00017587227166123115
0.00017520976995552578,0.00017520976995552578
0.0001745482532346145,0.0001745482532346145
0.00017388772350466564,0.00017388772350466564
0.00017322818276885473,0.00017322818276885473
0.0001725696330273575,0.0001725696330273575
0.00017191207627734455,0.00017191207627734455
0.00017125551451297494,0.00017125551451297494
0.00017059994972539038,0.00017059994972539038
0.00016994538390270887,0.00016994538390270887
0.00016929181903001922,0.00016929181903001922
0.0001686392570893744,0.0001686392570893744
0.0001679877000597858,0.0001679877000597858
0.00016733714991721738,0.00016733714991721738
0.0001666876086345793,0.0001666876086345793
0.00016603907818172275,0.00016603907818172275
0.00016539156052543241,0.00016539156052543241
0.0001647450576294225,0.0001647450576294225
0.00016409957145432919,0.00016409957145432919
0.00016345510395770536,0.00016345510395770536
0.00016281165709401457,0.00016281165709401457
0.00016216923281462553,0.00016216923281462553
0.00016152783306780483,0.00016152783306780483
0.00016088745979871312,0.00016088745979871312
0.00016024811494939724,0.00016024811494939724
0.00015960980045878536,0.00015960980045878536
0.0001589725182626815,0.0001589725182626815
0.00015833627029375786,0.00015833627029375786
0.00015770105848155136,0.00015770105848155136
0.0001570668847524559,0.0001570668847524559
0.00015643375102971735,0.00015643375102971735
0.00015580165923342765,0.00015580165923342765
0.0001551706112805189,0.0001551706112805189
0.00015454060908475732,0.00015454060908475732
0.00015391165455673822,0.00015391165455673822
0.0001532837496038792,0.0001532837496038792
0.00015265689613041478,0.00015265689613041478
0.0001520310960373914,0.0001520310960373914
0.00015140635122265966,0.00015140635122265966
0.00015078266358087124,0.00015078266358087124
0.0001501600350034708,0.0001501600350034708
0.00014953846737869153,0.00014953846737869153
0.00014891796259154904,0.00014891796259154904
0.0001482985225238358,0.0001482985225238358
0.00014768014905411497,0.00014768014905411497
0.00014706284405771586,0.00014706284405771586
0.00014644660940672628,0.00014644660940672628
0.00014583144696998895,0.00014583144696998895
0.00014521735861309487,0.00014521735861309487
0.00014460434619837693,0.00014460434619837693
0.00014399241158490595,0.00014399241158490595
0.00014338155662848356,0.00014338155662848356
0.0001427717831816373,0.0001427717831816373
0.0001421630930936148,0.0001421630930936148
0.0001415554882103783,0.0001415554882103783
0.0001409489703745987,0.0001409489703745987
0.00014034354142565092,0.00014034354142565092
0.00013973920319960653,0.00013973920319960653
0.0001391359575292303,0.0001391359575292303
0.0001385338062439732,0.0001385338062439732
0.0001379327511699671,0.0001379327511699671
0.00013733279413001993,0.00013733279413001993
0.0001367339369436092,0.0001367339369436092
0.000136136181426877,0.000136136181426877
0.0001355395293926245,0.0001355395293926245
0.00013494398265030634,0.00013494398265030634
0.00013434954300602485,0.00013434954300602485
0.00013375621226252582,0.00013375621226252582
0.00013316399221919073,0.00013316399221919073
0.0001325728846720339,0.0001325728846720339
0.00013198289141369508,0.00013198289141369508
0.00013139401423343483,0.00013139401423343483
0.00013080625491712955,0.00013080625491712955
0.00013021961524726456,0.00013021961524726456
0.00012963409700293056,0.00012963409700293056
0.00012904970195981686,0.00012904970195981686
0.00012846643189020645,0.00012846643189020645
0.00012788428856297068,0.00012788428856297068
0.00012730327374356433,0.00012730327374356433
0.00012672338919401865,0.00012672338919401865
0.00012614463667293845,0.00012614463667293845
0.00012556701793549457,0.00012556701793549457
0.00012499053473341982,0.00012499053473341982
0.0001244151888150032,0.0001244151888150032
0.00012384098192508446,0.00012384098192508446
0.0001232679158050497,0.0001232679158050497
0.00012269599219282473,0.00012269599219282473
0.00012212521282287093,0.00012212521282287093
0.00012155557942617923,0.00012155557942617923
0.00012098709373026556,0.00012098709373026556
0.00012041975745916473,0.00012041975745916473
0.00011985357233342643,0.00011985357233342643
0.0001192885400701087,0.0001192885400701087
0.00011872466238277357,0.00011872466238277357
0.00011816194098148148,0.00011816194098148148
0.00011760037757278619,0.00011760037757278619
0.00011703997385973008,0.00011703997385973008
0.00011648073154183797,0.00011648073154183797
0.0001159226523151129,0.0001159226523151129
0.00011536573787203042,0.00011536573787203042
0.00011480998990153374,0.00011480998990153374
0.00011425541008902851,0.00011425541008902851
0.0001137020001163781,0.0001137020001163781
0.00011314976166189722,0.00011314976166189722
0.00011259869640034881,0.00011259869640034881
0.00011204880600293727,0.00011204880600293727
0.00011150009213730405,0.00011150009213730405
0.00011095255646752256,0.00011095255646752256
0.00011040620065409345,0.00011040620065409345
0.00010986102635393891,0.00010986102635393891
0.00010931703522039805,0.00010931703522039805
0.00010877422890322186,0.00010877422890322186
0.0001082326090485679,0.0001082326090485679
0.00010769217729899632,0.00010769217729899632
0.00010715293529346303,0.00010715293529346303
0.00010661488466731679,0.00010661488466731679
0.0001060780270522928,0.0001060780270522928
0.00010554236407650836,0.00010554236407650836
0.00010500789736445776,0.00010500789736445776
0.00010447462853700745,0.00010447462853700745
0.0001039425592113909,0.0001039425592113909
0.0001034116910012044,0.0001034116910012044
0.00010288202551640108,0.00010288202551640108
0.00010235356436328675,0.00010235356436328675
0.00010182630914451519,0.00010182630914451519
0.00010130026145908222,0.00010130026145908222
0.0001007754229023225,0.0001007754229023225
0.00010025179506590316,0.00010025179506590316
9.972937953781985e-05,9.972937953781985e-05
9.920817790239162e-05,9.920817790239162e-05
9.868819174025617e-05,9.868819174025617e-05
9.816942262836492e-05,9.816942262836492e-05
9.765187213997884e-05,9.765187213997884e-05
9.713554184466267e-05,9.713554184466267e-05
9.662043330828085e-05,9.662043330828085e-05
9.610654809299302e-05,9.610654809299302e-05
9.559388775724798e-05,9.559388775724798e-05
9.508245385578085e-05,9.508245385578085e-05
9.457224793960684e-05,9.457224793960684e-05
9.406327155601708e-05,9.406327155601708e-05
9.3555526248574e-05,9.3555526248574e-05
9.304901355710666e-05,9.304901355710666e-05
9.254373501770569e-05,9.254373501770569e-05
9.203969216271957e-05,9.203969216271957e-05
9.153688652074843e-05,9.153688652074843e-05
9.103531961664119e-05,9.103531961664119e-05
9.053499297148959e-05,9.053499297148959e-05
9.003590810262402e-05,9.003590810262402e-05
8.953806652360952e-05,8.953806652360952e-05
8.904146974423971e-05,8.904146974423971e-05
8.854611927053402e-05,8.854611927053402e-05
8.805201660473178e-05,8.805201660473178e-05
8.755916324528812e-05,8.755916324528812e-05
8.706756068686949e-05,8.706756068686949e-05
8.657721042034933e-05,8.657721042034933e-05
8.608811393280264e-05,8.608811393280264e-05
8.560027270750276e-05,8.560027270750276e-05
8.511368822391591e-05,8.511368822391591e-05
8.46283619576969e-05,8.46283619576969e-05
8.414429538068535e-05,8.414429538068535e-05
8.366148996089968e-05,8.366148996089968e-05
8.317994716253452e-05,8.317994716253452e-05
8.269966844595495e-05,8.269966844595495e-05
8.222065526769257e-05,8.222065526769257e-05
8.17429090804408e-05,8.17429090804408e-05
8.126643133305139e-05,8.126643133305139e-05
8.079122347052825e-05,8.079122347052825e-05
8.031728693402501e-05,8.031728693402501e-05
7.984462316083946e-05,7.984462316083946e-05
7.937323358440934e-05,7.937323358440934e-05
7.890311963430869e-05,7.890311963430869e-05
7.843428273624215e-05,7.843428273624215e-05
7.796672431204227e-05,7.796672431204227e-05
7.750044577966404e-05,7.750044577966404e-05
7.70354485531809e-05,7.70354485531809e-05
7.657173404278056e-05,7.657173404278056e-05
7.610930365476076e-05,7.610930365476076e-05
7.56481587915247e-05,7.56481587915247e-05
7.518830085157735e-05,7.518830085157735e-05
7.472973122952048e-05,7.472973122952048e-05
7.427245131604898e-05,7.427245131604898e-05
7.381646249794649e-05,7.381646249794649e-05
7.336176615808094e-05,7.336176615808094e-05
7.290836367540099e-05,7.290836367540099e-05
7.245625642493115e-05,7.245625642493115e-05
7.20054457777679e-05,7.20054457777679e-05
7.155593310107578e-05,7.155593310107578e-05
7.110771975808272e-05,7.110771975808272e-05
7.066080710807615e-05,7.066080710807615e-05
7.021519650639951e-05,7.021519650639951e-05
6.977088930444664e-05,6.977088930444664e-05
6.932788684965935e-05,6.932788684965935e-05
6.888619048552214e-05,6.888619048552214e-05
6.84458015515586e-05,6.84458015515586e-05
6.800672138332764e-05,6.800672138332764e-05
6.756895131241869e-05,6.756895131241869e-05
6.713249266644828e-05,6.713249266644828e-05
6.66973467690557e-05,6.66973467690557e-05
6.626351493989918e-05,6.626351493989918e-05
6.583099849465168e-05,6.583099849465168e-05
6.539979874499746e-05,6.539979874499746e-05
6.496991699862686e-05,6.496991699862686e-05
6.454135455923393e-05,6.454135455923393e-05
6.41141127265113e-05,6.41141127265113e-05
6.368819279614656e-05,6.368819279614656e-05
6.326359605981863e-05,6.326359605981863e-05
6.284032380519334e-05,6.284032380519334e-05
6.24183773159201e-05,6.24183773159201e-05
6.199775787162748e-05,6.199775787162748e-05
6.157846674791961e-05,6.157846674791961e-05
6.116050521637217e-05,6.116050521637217e-05
6.07438745445289e-05,6.07438745445289e-05
6.0328575995896916e-05,6.0328575995896916e-05
5.9914610829944035e-05,5.9914610829944035e-05
5.9501980302093975e-05,5.9501980302093975e-05
5.909068566372311e-05,5.909068566372311e-05
5.8680728162156305e-05,5.8680728162156305e-05
5.8272109040663435e-05,5.8272109040663435e-05
5.786482953845562e-05,5.786482953845562e-05
5.745889089068112e-05,5.745889089068112e-05
5.7054294328421905e-05,5.7054294328421905e-05
5.665104107868968e-05,5.665104107868968e-05
5.624913236442286e-05,5.624913236442286e-05
5.584856940448141e-05,5.584856940448141e-05
5.544935341364493e-05,5.544935341364493e-05
5.5051485602607643e-05,5.5051485602607643e-05
5.4654967177975135e-05,5.4654967177975135e-05
5.4259799342261e-05,5.4259799342261e-05
5.386598329388265e-05,5.386598329388265e-05
5.347352022715801e-05,5.347352022715801e-05
5.3082411332302235e-05,5.3082411332302235e-05
5.26926577954232e-05,5.26926577954232e-05
5.230426079851858e-05,5.230426079851858e-05
5.191722151947226e-05,5.191722151947226e-05
5.153154113205027e-05,5.153154113205027e-05
5.1147220805898065e-05,5.1147220805898065e-05
5.076426170653581e-05,5.076426170653581e-05
5.03826649953561e-05,5.03826649953561e-05
5.000243182961961e-05,5.000243182961961e-05
4.962356336245166e-05,4.962356336245166e-05
4.924606074283899e-05,4.924606074283899e-05
4.886992511562654e-05,4.886992511562654e-05
4.8495157621512856e-05,4.8495157621512856e-05
4.8121759397047994e-05,4.8121759397047994e-05
4.77497315746292e-05,4.77497315746292e-05
4.737907528249763e-05,4.737907528249763e-05
4.700979164473551e-05,4.700979164473551e-05
4.664188178126144e-05,4.664188178126144e-05
4.6275346807828576e-05,4.6275346807828576e-05
4.591018783602008e-05,4.591018783602008e-05
4.554640597324622e-05,4.554640597324622e-05
4.518400232274078e-05,4.518400232274078e-05
4.482297798355833e-05,4.482297798355833e-05
4.446333405056979e-05,4.446333405056979e-05
4.410507161446026e-05,4.410507161446026e-05
4.374819176172501e-05,4.374819176172501e-05
4.33926955746663e-05,4.33926955746663e-05
4.3038584131390444e-05,4.3038584131390444e-05
4.268585850580381e-05,4.268585850580381e-05
4.233451976761055e-05,4.233451976761055e-05
4.198456898230851e-05,4.198456898230851e-05
4.163600721118638e-05,4.163600721118638e-05
4.12888355113204e-05,4.12888355113204e-05
4.094305493557121e-05,4.094305493557121e-05
4.059866653258054e-05,4.059866653258054e-05
4.025567134676844e-05,4.025567134676844e-05
3.991407041832912e-05,3.991407041832912e-05
3.957386478322905e-05,3.957386478322905e-05
3.9235055473203165e-05,3.9235055473203165e-05
3.889764351575131e-05,3.889764351575131e-05
3.85616299341362e-05,3.85616299341362e-05
3.8227015747379304e-05,3.8227015747379304e-05
3.7893801970258435e-05,3.7893801970258435e-05
3.756198961330426e-05,3.756198961330426e-05
3.723157968279745e-05,3.723157968279745e-05
3.69025731807654e-05,3.69025731807654e-05
3.657497110497987e-05,3.657497110497987e-05
3.624877444895269e-05,3.624877444895269e-05
3.5923984201934044e-05,3.5923984201934044e-05
3.560060134890897e-05,3.560060134890897e-05
3.52786268705938e-05,3.52786268705938e-05
3.49580617434343e-05,3.49580617434343e-05
3.463890693960181e-05,3.463890693960181e-05
3.432116342699071e-05,3.432116342699071e-05
3.400483216921524e-05,3.400483216921524e-05
3.368991412560696e-05,3.368991412560696e-05
3.337641025121135e-05,3.337641025121135e-05
3.306432149678557e-05,3.306432149678557e-05
3.27536488087945e-05,3.27536488087945e-05
3.244439312940933e-05,3.244439312940933e-05
3.213655539650334e-05,3.213655539650334e-05
3.18301365436498e-05,3.18301365436498e-05
3.152513750011921e-05,3.152513750011921e-05
3.122155919087572e-05,3.122155919087572e-05
3.091940253657538e-05,3.091940253657538e-05
3.0618668453562594e-05,3.0618668453562594e-05
3.031935785386747e-05,3.031935785386747e-05
3.002147164520319e-05,3.002147164520319e-05
2.9725010730963563e-05,2.9725010730963563e-05
2.9429976010219238e-05,2.9429976010219238e-05
2.913636837771633e-05,2.913636837771633e-05
2.884418872387273e-05,2.884418872387273e-05
2.8553437934775716e-05,2.8553437934775716e-05
2.826411689217956e-05,2.826411689217956e-05
2.797622647350212e-05,2.797622647350212e-05
2.7689767551823063e-05,2.7689767551823063e-05
2.7404740995880527e-05,2.7404740995880527e-05
2.712114767006879e-05,2.712114767006879e-05
2.683898843443555e-05,2.683898843443555e-05
2.655826414467971e-05,2.655826414467971e-05
2.6278975652147873e-05,2.6278975652147873e-05
2.6001123803832793e-05,2.6001123803832793e-05
2.5724709442370152e-05,2.5724709442370152e-05
2.5449733406036236e-05,2.5449733406036236e-05
2.5176196528745308e-05,2.5176196528745308e-05
2.4904099640047028e-05,2.4904099640047028e-05
2.4633443565124426e-05,2.4633443565124426e-05
2.4364229124790527e-05,2.4364229124790527e-05
2.4096457135486638e-05,2.4096457135486638e-05
2.3830128409279395e-05,2.3830128409279395e-05
2.3565243753858656e-05,2.3565243753858656e-05
2.330180397253473e-05,2.330180397253473e-05
2.303980986423626e-05,2.303980986423626e-05
2.2779262223507234e-05,2.2779262223507234e-05
2.2520161840505537e-05,2.2520161840505537e-05
2.2262509500999507e-05,2.2262509500999507e-05
2.2006305986366272e-05,2.2006305986366272e-05
2.1751552073589032e-05,2.1751552073589032e-05
2.1498248535254893e-05,2.1498248535254893e-05
2.1246396139552425e-05,2.1246396139552425e-05
2.0995995650269274e-05,2.0995995650269274e-05
2.074704782678999e-05,2.074704782678999e-05
2.0499553424093487e-05,2.0499553424093487e-05
2.025351319275137e-05,2.025351319275137e-05
2.0008927878924556e-05,2.0008927878924556e-05
1.9765798224362196e-05,1.9765798224362196e-05
1.9524124966398715e-05,1.9524124966398715e-05
1.928390883795167e-05,1.928390883795167e-05
1.9045150567519598e-05,1.9045150567519598e-05
1.8807850879180077e-05,1.8807850879180077e-05
1.8572010492586998e-05,1.8572010492586998e-05
1.8337630122968795e-05,1.8337630122968795e-05
1.810471048112605e-05,1.810471048112605e-05
1.787325227342951e-05,1.787325227342951e-05
1.7643256201817838e-05,1.7643256201817838e-05
1.7414722963795427e-05,1.7414722963795427e-05
1.7187653252430434e-05,1.7187653252430434e-05
1.6962047756352737e-05,1.6962047756352737e-05
1.673790715975143e-05,1.673790715975143e-05
1.6515232142373216e-05,1.6515232142373216e-05
1.6294023379520183e-05,1.6294023379520183e-05
1.6074281542047653e-05,1.6074281542047653e-05
1.5856007296362328e-05,1.5856007296362328e-05
1.563920130442009e-05,1.563920130442009e-05
1.542386422372405e-05,1.542386422372405e-05
1.5209996707322815e-05,1.5209996707322815e-05
1.4997599403807849e-05,1.4997599403807849e-05
1.4786672957312397e-05,1.4786672957312397e-05
1.457721800750872e-05,1.457721800750872e-05
1.43692351896067e-05,1.43692351896067e-05
1.4162725134351573e-05,1.4162725134351573e-05
1.3957688468022311e-05,1.3957688468022311e-05
1.3754125812429352e-05,1.3754125812429352e-05
1.3552037784913207e-05,1.3552037784913207e-05
1.3351424998342132e-05,1.3351424998342132e-05
1.3152288061110518e-05,1.3152288061110518e-05
1.2954627577136836e-05,1.2954627577136836e-05
1.275844414586208e-05,1.275844414586208e-05
1.2563738362247889e-05,1.2563738362247889e-05
1.2370510816774539e-05,1.2370510816774539e-05
1.2178762095439333e-05,1.2178762095439333e-05
1.1988492779754667e-05,1.1988492779754667e-05
1.1799703446746579e-05,1.1799703446746579e-05
1.1612394668952531e-05,1.1612394668952531e-05
1.1426567014420297e-05,1.1426567014420297e-05
1.1242221046705415e-05,1.1242221046705415e-05
1.1059357324870456e-05,1.1059357324870456e-05
1.0877976403482314e-05,1.0877976403482314e-05
1.069807883261137e-05,1.069807883261137e-05
1.0519665157829483e-05,1.0519665157829483e-05
1.0342735920207957e-05,1.0342735920207957e-05
1.016729165631669e-05,1.016729165631669e-05
9.993332898221963e-06,9.993332898221963e-06
9.82086017348499e-06,9.82086017348499e-06
9.649874005160265e-06,9.649874005160265e-06
9.480374911794265e-06,9.480374911794265e-06
9.312363407423252e-06,9.312363407423252e-06
9.145840001572536e-06,9.145840001572536e-06
8.980805199254205e-06,8.980805199254205e-06
8.817259500965957e-06,8.817259500965957e-06
8.655203402689605e-06,8.655203402689605e-06
8.494637395889348e-06,8.494637395889348e-06
8.335561967510564e-06,8.335561967510564e-06
8.17797759997807e-06,8.17797759997807e-06
8.02188477119481e-06,8.02188477119481e-06
7.867283954540283e-06,7.867283954540283e-06
7.714175618869445e-06,7.714175618869445e-06
7.562560228510651e-06,7.562560228510651e-06
7.41243824326504e-06,7.41243824326504e-06
7.263810118404435e-06,7.263810118404435e-06
7.116676304670333e-06,7.116676304670333e-06
6.971037248272582e-06,6.971037248272582e-06
6.8268933908877115e-06,6.8268933908877115e-06
6.684245169657987e-06,6.684245169657987e-06
6.543093017189805e-06,6.543093017189805e-06
6.403437361552411e-06,6.403437361552411e-06
6.265278626276683e-06,6.265278626276683e-06
6.12861723035385e-06,6.12861723035385e-06
5.993453588234166e-06,5.993453588234166e-06
5.859788109825792e-06,5.859788109825792e-06
5.727621200493138e-06,5.727621200493138e-06
5.596953261056304e-06,5.596953261056304e-06
5.467784687789301e-06,5.467784687789301e-06
5.340115872418949e-06,5.340115872418949e-06
5.213947202124036e-06,5.213947202124036e-06
5.089279059533658e-06,5.089279059533658e-06
4.966111822726382e-06,4.966111822726382e-06
4.8444458652290305e-06,4.8444458652290305e-06
4.724281556015564e-06,4.724281556015564e-06
4.6056192595057e-06,4.6056192595057e-06
4.48845933556441e-06,4.48845933556441e-06
4.3728021395000875e-06,4.3728021395000875e-06
4.2586480220639935e-06,4.2586480220639935e-06
4.1459973294490915e-06,4.1459973294490915e-06
4.034850403288825e-06,4.034850403288825e-06
3.925207580656231e-06,3.925207580656231e-06
3.817069194062939e-06,3.817069194062939e-06
3.7104355714580594e-06,3.7104355714580594e-06
3.6053070362271346e-06,3.6053070362271346e-06
3.5016839071914663e-06,3.5016839071914663e-06
3.399566498606732e-06,3.399566498606732e-06
3.2989551201624833e-06,3.2989551201624833e-06
3.199850076980704e-06,3.199850076980704e-06
3.1022516696152524e-06,3.1022516696152524e-06
3.0061601940509773e-06,3.0061601940509773e-06
2.9115759417024377e-06,2.9115759417024377e-06
2.81849919941346e-06,2.81849919941346e-06
2.7269302494559723e-06,2.7269302494559723e-06
2.636869369529338e-06,2.636869369529338e-06
2.548316832759301e-06,2.548316832759301e-06
2.461272907697432e-06,2.461272907697432e-06
2.3757378583200153e-06,2.3757378583200153e-06
2.2917119440275524e-06,2.2917119440275524e-06
2.20919541964365e-06,2.20919541964365e-06
2.1281885354146326e-06,2.1281885354146326e-06
2.048691537008318e-06,2.048691537008318e-06
1.970704665513745e-06,1.970704665513745e-06
1.8942281574401143e-06,1.8942281574401143e-06
1.81926224471618e-06,1.81926224471618e-06
1.7458071546895272e-06,1.7458071546895272e-06
1.6738631101259616e-06,1.6738631101259616e-06
1.6034303292087326e-06,1.6034303292087326e-06
1.5345090255379224e-06,1.5345090255379224e-06
1.4670994081297795e-06,1.4670994081297795e-06
1.4012016814160534e-06,1.4012016814160534e-06
1.3368160452435496e-06,1.3368160452435496e-06
1.2739426948732423e-06,1.2739426948732423e-06
1.21258182097983e-06,1.21258182097983e-06
1.1527336096512354e-06,1.1527336096512354e-06
1.094398242387995e-06,1.094398242387995e-06
1.0375758961024273e-06,1.0375758961024273e-06
9.822667431186872e-07,9.822667431186872e-07
9.284709511716561e-07,9.284709511716561e-07
8.761886834067756e-07,8.761886834067756e-07
8.254200983794369e-07,8.254200983794369e-07
7.761653500544252e-07,7.761653500544252e-07
7.284245878057538e-07,7.284245878057538e-07
6.8219795641572e-07,6.8219795641572e-07
6.374855960750159e-07,6.374855960750159e-07
5.942876423818966e-07,5.942876423818966e-07
5.526042263419018e-07,5.526042263419018e-07
5.124354743674676e-07,5.124354743674676e-07
4.7378150827764863e-07,4.7378150827764863e-07
4.366424452973972e-07,4.366424452973972e-07
4.0101839805778415e-07,4.0101839805778415e-07
3.669094745950008e-07,3.669094745950008e-07
3.343157783505246e-07,3.343157783505246e-07
3.032374081706757e-07,3.032374081706757e-07
2.736744583061168e-07,2.736744583061168e-07
2.456270184118536e-07,2.456270184118536e-07
2.1909517354679053e-07,2.1909517354679053e-07
1.9407900417345304e-07,1.9407900417345304e-07
1.7057858615798783e-07,1.7057858615798783e-07
1.4859399076955215e-07,1.4859399076955215e-07
1.2812528468042484e-07,1.2812528468042484e-07
1.0917252996567318e-07,1.0917252996567318e-07
9.17357841028199e-08,9.17357841028199e-08
7.581509997206526e-08,7.581509997206526e-08
6.14105258556763e-08,6.14105258556763e-08
4.852210543809799e-08,4.852210543809799e-08
3.71498778057866e-08,3.71498778057866e-08
2.729387744715428e-08,2.729387744715428e-08
1.8954134252235912e-08,1.8954134252235912e-08
1.2130673512744661e-08,1.2130673512744661e-08
6.823515922182999e-09,6.823515922182999e-09
3.03267757534309e-09,3.03267757534309e-09
7.581699686398657e-10,7.581699686398657e-10
