epoch,train_loss,train_acc,lr,imgs_per_s,train_time_s,val_loss,val_macro_f1,val_top1,val_bal_acc,val_ece,val_f1_chinee,val_f1_snake,val_time_s
1,0.9818419863174601,0.6699695121951219,0.0001,176.96495293071132,59.31117900000004,0.345564158183784,0.8358537952269329,0.8786061125392745,0.8350052596913239,0.015717812615027825,0.6418338108882522,0.7522522522522522,7.0528017000001455
2,0.37115840354888907,0.8732850609756098,9.797464868072488e-05,199.31372539618002,52.66069849999985,0.23284214114894256,0.8969592914390696,0.9243073407597829,0.905681782734467,0.014268828731559813,0.7786666666666666,0.8141592920353982,7.162305999999717
3,0.25810711889913895,0.9167301829268293,9.206267664155907e-05,196.99820753027623,53.27967260000014,0.36435109931923465,0.85782164659036,0.87774921451014,0.9076802300589737,0.03691267790370384,0.764857881136951,0.8097345132743364,7.3544873000000734
4,0.20753079237098374,0.9316882621951219,8.274303669726426e-05,196.5643348419659,53.39727579999999,0.1627354292059091,0.9326573566867018,0.9480148528991716,0.9499371807510489,0.009363714378858797,0.8852459016393442,0.9029126213592233,7.2365734999998494
5,0.17075249166568604,0.9425495426829268,7.077075065009433e-05,195.89783878434372,53.578947399999834,0.11355826231632121,0.9524389744592514,0.9654384461582405,0.9507304274287096,0.009261044653127324,0.8988764044943819,0.8944723618090453,7.183766300000116
6,0.14138160685713336,0.9546493902439024,5.7115741913664264e-05,196.2017912842204,53.49594380000008,0.1599243814750795,0.9346614081742712,0.9488717509283062,0.9439642863127654,0.014956393936584635,0.8592233009708737,0.8697674418604651,7.230663899999854
7,0.11958865445425235,0.9582698170731707,4.288425808633575e-05,196.9747988835869,53.286004400000365,0.11317249214113337,0.9563876814788945,0.9668666095401314,0.9526332848407006,0.011757718537126873,0.9061032863849765,0.9152542372881356,7.1618727000000035
8,0.09606221775955907,0.9690358231707317,2.9229249349905684e-05,197.291585401291,53.20044429999962,0.11242600237342569,0.9584054437766907,0.9688660382747787,0.9584390470183899,0.010874591709057442,0.9166666666666666,0.9130434782608696,7.302137600000151
9,0.08107777648582691,0.9714176829268293,1.725696330273575e-05,196.13571566744923,53.51396590000013,0.10903454245720139,0.95870493172786,0.9682947729220223,0.9590950500352375,0.011646812455733195,0.9153318077803203,0.9189189189189189,7.120163899999625
10,0.07032910141548733,0.9749428353658537,7.937323358440935e-06,196.42854686564615,53.43418849999989,0.0987483491505007,0.9645512951348957,0.9737217937732077,0.9607001427392002,0.0100801132355359,0.9262672811059908,0.9211822660098522,7.3632416999998895
11,0.06479831857652199,0.9786585365853658,2.0253513192751373e-06,197.1897744281618,53.22791219999999,0.10142079134033054,0.9640682815671011,0.9731505284204514,0.9639352620366863,0.01325653865933061,0.9262672811059908,0.9245742092457421,7.30716829999983
12,0.06082728576687414,0.9808498475609756,0.0,196.69301657841953,53.36234190000005,0.09987233414069155,0.9640689118913599,0.9734361610968295,0.963130657322142,0.011478927542008731,0.9212962962962964,0.9223300970873786,7.264949700000216
