epoch,train_loss,train_acc,lr,imgs_per_s,train_time_s,val_loss,val_macro_f1,val_top1,val_bal_acc,val_ece,val_f1_chinee,val_f1_snake,val_time_s,val_macro_f1_raw,val_top1_raw,val_loss_raw
1,0.9590390887020565,,0.0001,168.9600560864957,62.12119150000035,0.2483681093298071,0.9095191594921581,0.9274493001999429,0.9176096733631481,0.049506086862983384,0.8409090909090908,0.8591549295774649,15.334197000000131,0.8740629082174496,0.9037417880605542,0.29749210461042025
2,0.5844055298806691,,9.797464868072488e-05,208.9202455919555,50.23926700000084,0.1507817672741682,0.9477557428605772,0.9602970579834333,0.9433578969487879,0.032831067563971264,0.8878281622911695,0.9054726368159204,6.471186700000544,0.9249083135214734,0.9431590974007427,0.19507329094856
3,0.5259837520013495,,9.206267664155907e-05,194.38820368816798,53.995046,0.12103363919244498,0.9548527984507869,0.9654384461582405,0.9539915678195615,0.021452436090912803,0.9137529137529138,0.9012048192771085,5.520673799999713,0.860693284016368,0.87774921451014,0.3863133985428972
4,0.49562108466719706,,8.274303669726426e-05,249.2946778785613,42.10278409999955,0.10125480582887054,0.96228838048154,0.9708654670094259,0.9637751448549368,0.017451969746681575,0.9269406392694064,0.9130434782608696,5.014615300000514,0.954242111477992,0.9634390174235933,0.12998627375420826
5,0.4725727638138867,,7.077075065009433e-05,256.79233337093433,40.87349440000071,0.08908854833554282,0.9680000194276429,0.9754355898314767,0.9661726786047233,0.015193668077785358,0.9425287356321839,0.9230769230769231,4.936045299999023,0.9637190006334904,0.9717223650385605,0.11266682169090779
6,0.4122138468139782,,5.7115741913664264e-05,258.51338822020483,40.60137880000002,0.08424039235483813,0.9676768825138148,0.9757212225078549,0.9666535276792003,0.011255035021164294,0.944954128440367,0.9230769230769231,4.907284899998558,0.9572089427924539,0.9665809768637532,0.12127941821309983
7,0.4356001667655641,,4.288425808633575e-05,259.84318399478906,40.393593700000565,0.08019572886287468,0.9701134249918325,0.9777206512425022,0.9684800425049909,0.006732907757619786,0.9471264367816092,0.9271844660194175,4.924367900001016,0.9634355798782894,0.971151099685804,0.10168884966551185
8,0.35113616835144235,,2.9229249349905684e-05,260.7944049025236,40.246262200000274,0.0748675221615061,0.9719571723596735,0.9788631819480148,0.9696584087099394,0.007503912812252059,0.9495412844036697,0.929782082324455,5.041610899999796,0.9683112868444242,0.9765781205369894,0.08423409361144332
9,0.3537144200967216,,1.725696330273575e-05,260.81873231545177,40.24250829999983,0.0740932520628997,0.973808448848467,0.9800057126535275,0.9711578201673164,0.009367665940333277,0.959090909090909,0.9365853658536586,5.004738100000395,0.9718737439689116,0.9774350185661239,0.08334328972975788
10,0.33775896445007586,,7.937323358440935e-06,261.20323339142607,40.183269799999835,0.07696217612087539,0.97243198624996,0.9782919165952585,0.9676565936057977,0.006858556892638471,0.9517241379310346,0.9368932038834952,4.985873300000094,0.9654458888237928,0.9731505284204514,0.09328243374756424
11,0.3886108402583021,,2.0253513192751373e-06,261.1676159650812,40.1887499000004,0.07801473970261345,0.9712757962354502,0.9774350185661239,0.9660680756954405,0.007035936894427044,0.9493087557603687,0.9294403892944039,4.9965085000003455,0.9704899069642295,0.9768637532133676,0.0805375967084323
12,0.36764467077148033,,0.0,261.07748458867314,40.20262420000108,0.07848542783131636,0.969851539886035,0.9762924878606113,0.9644188089047196,0.007879517157286584,0.9493087557603687,0.9245742092457421,4.99471000000085,0.9698512019764023,0.9762924878606113,0.07897826837909389
