config,gpu,batch,k_views,img_size,fused_bn,p50_ms (amp),p95_ms (amp),p99_ms (amp),p50_ms (fp32),p95_ms (fp32),p99_ms (fp32),"images_per_s (batch 32, amp)",torch,includes_preprocessing,dtype,p50_ms,p95_ms,p99_ms,images_per_s
"I00 | F01 seed0 (convnext_tiny.in12k_ft_in1k, 224px)",NVIDIA GeForce RTX 3060 Laptop GPU,1,1,224,False,10.567100000116625,11.49971499817184,12.235916999852634,7.494049999877461,8.30384999881062,8.54433899949072,784.6598989743526,2.14.1+cu130,không (ảnh đã ở GPU),,,,,
"I01 | F01 seed0 (convnext_tiny.in12k_ft_in1k, 224px)",NVIDIA GeForce RTX 3060 Laptop GPU,1,2,224,False,10.141600001588813,11.19315499854565,11.874664000642946,7.117150000340189,7.718509997721412,8.238114997438968,399.06568745906605,2.14.1+cu130,không (ảnh đã ở GPU),,,,,
"I01L | F01 seed0 (convnext_tiny.in12k_ft_in1k, 224px)",NVIDIA GeForce RTX 3060 Laptop GPU,1,2,224,False,10.594499999569962,11.971094998443732,14.300848997918349,7.195800000772579,7.544935002988495,7.67280100048083,398.56268331736624,2.14.1+cu130,không (ảnh đã ở GPU),,,,,
"I02 | F01 seed0 (convnext_tiny.in12k_ft_in1k, 224px)",NVIDIA GeForce RTX 3060 Laptop GPU,1,10,224,False,14.641399999163696,14.975799998865114,15.815676001038808,27.91869999964547,29.463339998437725,33.501687999741954,82.06400197172947,2.14.1+cu130,không (ảnh đã ở GPU),,,,,
"I02S | F01 seed0 (convnext_tiny.in12k_ft_in1k, 224px)",NVIDIA GeForce RTX 3060 Laptop GPU,1,3,224,False,31.608449999112054,34.40920000175538,36.10283600013645,20.440799999050796,23.329500001455017,24.63958399956027,196.11159730238734,2.14.1+cu130,không (ảnh đã ở GPU),,,,,
"I04_224 | F01 seed0 (convnext_tiny.in12k_ft_in1k, 224px)",NVIDIA GeForce RTX 3060 Laptop GPU,1,1,224,False,10.429350000777049,14.925915001731479,15.462807001676989,7.2581499989610165,8.030554998549633,8.473352000364684,757.4233404425539,2.14.1+cu130,không (ảnh đã ở GPU),,,,,
"I04_256 | F01 seed0 (convnext_tiny.in12k_ft_in1k, 224px)",NVIDIA GeForce RTX 3060 Laptop GPU,1,1,256,False,10.495050000827177,11.176299999897308,12.428924999876472,6.918150000274181,7.219170000098529,7.550583998599905,601.1980750513901,2.14.1+cu130,không (ảnh đã ở GPU),,,,,
"I04_288 | F01 seed0 (convnext_tiny.in12k_ft_in1k, 224px)",NVIDIA GeForce RTX 3060 Laptop GPU,1,1,288,False,10.856599998078309,11.787335000917665,14.486419997410847,6.345399999190704,9.126475000630306,9.577283998696656,471.3753628391938,2.14.1+cu130,không (ảnh đã ở GPU),,,,,
"I04_320 | F01 seed0 (convnext_tiny.in12k_ft_in1k, 224px)",NVIDIA GeForce RTX 3060 Laptop GPU,1,1,320,False,10.468100001162384,13.244325001323885,16.001478002035565,7.279399998878944,8.668829998896399,9.136444002833741,385.21589545595145,2.14.1+cu130,không (ảnh đã ở GPU),,,,,
"I09 | F01 seed0 (convnext_tiny.in12k_ft_in1k, 224px)",NVIDIA GeForce RTX 3060 Laptop GPU,1,8,224,False,12.100050000299234,12.453894998907343,13.1587289971867,22.40709999932733,24.194915002226473,30.000573999604963,103.23936078038363,2.14.1+cu130,không (ảnh đã ở GPU),,,,,
"I09L | F01 seed0 (convnext_tiny.in12k_ft_in1k, 224px)",NVIDIA GeForce RTX 3060 Laptop GPU,1,8,224,False,12.112050000723684,12.244214999918768,12.31098399784969,22.572199999558507,22.899279998091515,23.357141001324635,103.141396863436,2.14.1+cu130,không (ảnh đã ở GPU),,,,,
"I10 | F01 seed0 (convnext_tiny.in12k_ft_in1k, 224px)",NVIDIA GeForce RTX 3060 Laptop GPU,1,4,224,False,10.50769999892509,12.743804998535765,16.002806001488345,12.113800001316122,13.070834999598446,16.011964998542677,205.23509840778732,2.14.1+cu130,không (ảnh đã ở GPU),,,,,
"I08_FP32 | F01 seed0 (convnext_tiny.in12k_ft_in1k, 224px)",NVIDIA GeForce RTX 3060 Laptop GPU,1,1,224,False,,,,,,,,2.14.1+cu130,không (chỉ forward),fp32,6.767099999706261,7.306854998932976,7.600442002585622,147.77378789191928
"I08_FP32 | F01 seed0 (convnext_tiny.in12k_ft_in1k, 224px)",NVIDIA GeForce RTX 3060 Laptop GPU,8,1,224,False,,,,,,,,2.14.1+cu130,không (chỉ forward),fp32,22.40220000203408,23.093605000940443,23.156522000317636,357.10778402449824
"I08_FP32 | F01 seed0 (convnext_tiny.in12k_ft_in1k, 224px)",NVIDIA GeForce RTX 3060 Laptop GPU,32,1,224,False,,,,,,,,2.14.1+cu130,không (chỉ forward),fp32,85.73410000099102,90.61429499943188,100.43230799939919,373.247051052383
"I08_FP16 | F01 seed0 (convnext_tiny.in12k_ft_in1k, 224px)",NVIDIA GeForce RTX 3060 Laptop GPU,1,1,224,False,,,,,,,,2.14.1+cu130,không (chỉ forward),fp16,6.879149997985223,7.354720000512316,7.620083999572671,145.36679681252505
"I08_FP16 | F01 seed0 (convnext_tiny.in12k_ft_in1k, 224px)",NVIDIA GeForce RTX 3060 Laptop GPU,8,1,224,False,,,,,,,,2.14.1+cu130,không (chỉ forward),fp16,8.921649998228531,9.044565000840521,9.067669999531063,896.695118233563
"I08_FP16 | F01 seed0 (convnext_tiny.in12k_ft_in1k, 224px)",NVIDIA GeForce RTX 3060 Laptop GPU,32,1,224,False,,,,,,,,2.14.1+cu130,không (chỉ forward),fp16,32.37704999992275,33.31012500002544,33.75500199977978,988.3544053604746
"I08_AMP | F01 seed0 (convnext_tiny.in12k_ft_in1k, 224px)",NVIDIA GeForce RTX 3060 Laptop GPU,1,1,224,False,,,,,,,,2.14.1+cu130,không (chỉ forward),amp,9.870700001556543,10.87211499998375,11.869637998715914,101.30993747579268
"I08_AMP | F01 seed0 (convnext_tiny.in12k_ft_in1k, 224px)",NVIDIA GeForce RTX 3060 Laptop GPU,8,1,224,False,,,,,,,,2.14.1+cu130,không (chỉ forward),amp,11.71529999919585,11.803644999054086,11.806912001848104,682.8677029652786
"I08_AMP | F01 seed0 (convnext_tiny.in12k_ft_in1k, 224px)",NVIDIA GeForce RTX 3060 Laptop GPU,32,1,224,False,,,,,,,,2.14.1+cu130,không (chỉ forward),amp,40.799750000587665,40.97190000084083,41.04259300085687,784.318531352253
"I05_2 | F01 seed0 (convnext_tiny.in12k_ft_in1k, 224px) + B05 (swin_tiny_patch4_window7_224.ms_in1k)",NVIDIA GeForce RTX 3060 Laptop GPU,1,2,224,False,27.13354999832518,36.060904999067134,38.56480100144836,19.61134999874048,21.362375002718178,22.461151998468246,334.8725260661669,2.14.1+cu130,không (ảnh đã ở GPU),,,,,
"I05_3 | F01 seed0 (convnext_tiny.in12k_ft_in1k, 224px) + B05 (swin_tiny_patch4_window7_224.ms_in1k) + B04 (deit_small_patch16_224.fb_in1k)",NVIDIA GeForce RTX 3060 Laptop GPU,1,3,224,False,35.58970000085537,41.030404999401064,47.786382998856425,26.61140000054729,29.156525001235423,29.66476899848203,264.83927566641216,2.14.1+cu130,không (ảnh đã ở GPU),,,,,
I05_3_D4 | ensemble x D4,NVIDIA GeForce RTX 3060 Laptop GPU,1,24,224,False,35.47244999936083,37.82337000029656,39.20111300078133,71.09425000089686,71.70652500153665,71.8731379973542,34.65004590590369,2.14.1+cu130,không (ảnh đã ở GPU),,,,,
I08_BN_OFF | B01 (resnet50.a1_in1k),NVIDIA GeForce RTX 3060 Laptop GPU,1,1,224,False,,,,,,,,2.14.1+cu130,không (chỉ forward),fp32,8.237649999500718,10.928205002528557,12.414383000141239,121.39384412552242
I08_BN_OFF | B01 (resnet50.a1_in1k),NVIDIA GeForce RTX 3060 Laptop GPU,1,1,224,False,,,,,,,,2.14.1+cu130,không (chỉ forward),amp,9.595949999493314,13.945444999626488,16.564281000282786,104.21063053192253
I08_BN_OFF | B01 (resnet50.a1_in1k),NVIDIA GeForce RTX 3060 Laptop GPU,1,1,224,False,,,,,,,,2.14.1+cu130,không (chỉ forward),fp16,9.5060999992711,13.59258499851421,16.900039001084206,105.19561124716519
I08_BN_OFF | B01 (resnet50.a1_in1k),NVIDIA GeForce RTX 3060 Laptop GPU,32,1,224,False,,,,,,,,2.14.1+cu130,không (chỉ forward),fp32,60.294400000202586,61.354914999901666,62.75253399813664,530.7292219491774
I08_BN_OFF | B01 (resnet50.a1_in1k),NVIDIA GeForce RTX 3060 Laptop GPU,32,1,224,False,,,,,,,,2.14.1+cu130,không (chỉ forward),amp,33.968599998843274,35.18150499967305,36.49159200136637,942.0464782501984
I08_BN_OFF | B01 (resnet50.a1_in1k),NVIDIA GeForce RTX 3060 Laptop GPU,32,1,224,False,,,,,,,,2.14.1+cu130,không (chỉ forward),fp16,33.78829999928712,34.641414998986875,35.58205499939504,947.0733952485076
I08_BN_FUSED | B01 (resnet50.a1_in1k),NVIDIA GeForce RTX 3060 Laptop GPU,1,1,224,True,,,,,,,,2.14.1+cu130,không (chỉ forward),fp32,6.051649999790243,8.513134999702741,9.286867999435337,165.2441896069107
I08_BN_FUSED | B01 (resnet50.a1_in1k),NVIDIA GeForce RTX 3060 Laptop GPU,1,1,224,True,,,,,,,,2.14.1+cu130,không (chỉ forward),amp,8.409250000113389,13.724635001381099,25.820015999779557,118.91666914249383
I08_BN_FUSED | B01 (resnet50.a1_in1k),NVIDIA GeForce RTX 3060 Laptop GPU,1,1,224,True,,,,,,,,2.14.1+cu130,không (chỉ forward),fp16,6.152099998871563,8.277475000249979,10.761238003033203,162.54612249206338
I08_BN_FUSED | B01 (resnet50.a1_in1k),NVIDIA GeForce RTX 3060 Laptop GPU,32,1,224,True,,,,,,,,2.14.1+cu130,không (chỉ forward),fp32,60.453049998614006,60.98169500237418,61.736686000695045,529.336402393819
I08_BN_FUSED | B01 (resnet50.a1_in1k),NVIDIA GeForce RTX 3060 Laptop GPU,32,1,224,True,,,,,,,,2.14.1+cu130,không (chỉ forward),amp,34.4067999994877,34.649330001593626,34.74294899930101,930.0487113151023
I08_BN_FUSED | B01 (resnet50.a1_in1k),NVIDIA GeForce RTX 3060 Laptop GPU,32,1,224,True,,,,,,,,2.14.1+cu130,không (chỉ forward),fp16,33.51239999938116,33.86650500178803,34.206286998378346,954.8704360353455
